"PLAYER_NAME","PLAYER_HEIGHT_INCHES","PLAYER_WEIGHT","COLLEGE","COUNTRY","DRAFT_YEAR","DRAFT_ROUND","DRAFT_NUMBER","POS","Team","GP","FG%","3P%","FT%","+/-","PPG","RPG","APG","TPG","SPG","BPG"
"A.J. Lawson",78,179,"South Carolina","Canada","Undrafted","Undrafted","Undrafted","G","DAL",15,50,40,25,-46,3.7,1.4,0.1,0.2,0.1,0
"Aaron Gordon",80,235,"Arizona","USA","2014","1","4","PF","DEN",68,56.4,34.7,60.8,518,16.3,6.6,3,1.4,0.8,0.8
"Aaron Holiday",72,185,"UCLA","USA","2018","1","23","G","ATL",63,41.8,40.9,84.4,17,3.9,1.2,1.4,0.6,0.6,0.2
"Aaron Nesmith",77,215,"Vanderbilt","USA","2020","1","14","SF","IND",73,42.7,36.6,83.8,-211,10.1,3.8,1.3,1,0.8,0.5
"Aaron Wiggins",77,190,"Maryland","USA","2021","2","55","SG","OKC",70,51.2,39.3,83.1,9,6.8,3,1.1,0.8,0.6,0.2
"Admiral Schofield",77,241,"Tennessee","United Kingdom","2019","2","42","SF","ORL",37,45.1,32.4,91.3,-79,4.2,1.7,0.8,0.4,0.2,0.1
"AJ Green",77,190,"Northern Iowa","USA","Undrafted","Undrafted","Undrafted","G","MIL",35,42.4,41.9,100,-26,4.4,1.3,0.6,0.3,0.2,0
"AJ Griffin",78,220,"Duke","USA","2022","1","16","F","ATL",72,46.5,39,89.4,63,8.9,2.1,1,0.6,0.6,0.2
"Al Horford",81,240,"Florida","Dominican Republic","2007","1","3","C","BOS",63,47.6,44.6,71.4,309,9.8,6.2,3,0.6,0.5,1
"Alec Burks",78,214,"Colorado","USA","2011","1","12","SG","DET",51,43.6,41.4,81.4,-7,12.8,3.1,2.2,1.1,0.7,0.2
"Aleksej Pokusevski",84,210,"None","Serbia","2020","1","17","F","OKC",34,43.4,36.5,62.9,-196,8.1,4.7,1.9,1.3,0.6,1.3
"Alex Caruso",77,186,"Texas A&M","USA","Undrafted","Undrafted","Undrafted","SG","CHI",67,45.5,36.4,80.8,199,5.6,2.9,2.9,1.1,1.5,0.7
"Alex Len",86,250,"Maryland","Ukraine","2013","1","5","C","SAC",26,53.3,0,68.8,19,1.7,2.3,0.5,0.6,0.2,0.4
"Alize Johnson",80,212,"Missouri State","USA","2018","2","50","F","SAS",4,50,0,50,12,1.8,2.5,0.2,1,0.2,0
"Alondes Williams",76,210,"Wake Forest","USA","Undrafted","Undrafted","Undrafted","N/A","BKN",1,0,0,0,-5,0,1,0,2,0,0
"Alperen Sengun",83,243,"None","Turkey","2021","1","16","C","HOU",75,55.3,33.3,71.5,-283,14.8,9,3.9,2.6,0.9,0.9
"Amir Coffey",79,210,"Minnesota","USA","Undrafted","Undrafted","Undrafted","SG","LAC",50,38.6,27.5,77.8,-114,3.4,1.1,1.1,0.4,0.1,0.1
"Andre Drummond",83,279,"Connecticut","USA","2012","1","9","C","CHI",67,60.6,0,53.6,25,6,6.6,0.5,1.1,0.7,0.4
"Andre Iguodala",78,215,"Arizona","USA","2004","1","9","F","GSW",8,46.7,11.1,66.7,35,2.1,2.1,2.4,1.1,0.5,0.4
"Andrew Nembhard",75,191,"Gonzaga","Canada","2022","2","31","PG","IND",75,44.1,35,79,-263,9.5,2.7,4.5,1.7,0.9,0.2
"Andrew Wiggins",79,197,"Kansas","Canada","2014","1","1","SF","GSW",37,47.3,39.6,61.1,118,17.1,5,2.3,1.3,1.2,0.8
"Anfernee Simons",75,181,"None","USA","2018","1","24","SG","POR",62,44.7,37.7,89.4,-75,21.1,2.6,4.1,2.1,0.7,0.2
"Anthony Davis",82,253,"Kentucky","USA","2012","1","1","PF","LAL",56,56.3,25.7,78.4,205,25.9,12.5,2.6,2.2,1.1,2
"Anthony Edwards",76,225,"Georgia","USA","2020","1","1","SG","MIN",79,45.9,36.9,75.6,97,24.6,5.8,4.4,3.3,1.6,0.7
"Anthony Gill",80,230,"Virginia","USA","Undrafted","Undrafted","Undrafted","PF","WAS",59,53.8,13.8,73.1,-12,3.3,1.7,0.6,0.3,0.1,0.2
"Anthony Lamb",78,227,"Vermont","USA","Undrafted","Undrafted","Undrafted","F","GSW",62,47.1,36.7,76.7,32,6.7,3.5,1.5,0.9,0.5,0.3
"Austin Reaves",77,197,"Oklahoma","USA","Undrafted","Undrafted","Undrafted","SG","LAL",64,52.9,39.8,86.4,214,13,3,3.4,1.5,0.5,0.3
"Austin Rivers",76,200,"Duke","USA","2012","1","10","SG","MIN",52,43.5,35,76.9,-142,4.9,1.6,1.4,0.4,0.5,0.1
"Ayo Dosunmu",77,200,"Illinois","USA","2021","2","38","SG","CHI",80,49.3,31.2,80.5,-77,8.6,2.8,2.6,1.2,0.8,0.3
"Bam Adebayo",81,255,"Kentucky","USA","2017","1","14","C","MIA",75,54,8.3,80.6,117,20.4,9.2,3.2,2.5,1.2,0.8
"Ben Simmons",82,240,"Louisiana State","Australia","2016","1","1","PG","BKN",42,56.6,0,43.9,40,6.9,6.3,6.1,2.3,1.3,0.6
"Bennedict Mathurin",77,210,"Arizona","Canada","2022","1","6","SG","IND",78,43.4,32.3,82.8,-179,16.7,4.1,1.5,1.9,0.6,0.2
"Bismack Biyombo",80,255,"None","DRC","2011","1","7","C","PHX",61,57.8,0,35.7,48,4.3,4.3,0.9,0.8,0.3,1.4
"Blake Griffin",81,250,"Oklahoma","USA","2009","1","1","PF","BOS",41,48.5,34.8,65.6,105,4.1,3.8,1.5,0.5,0.3,0.2
"Blake Wesley",76,185,"Notre Dame","USA","2022","1","25","G","SAS",37,32.1,38.5,59.1,-198,5,2.2,2.6,1.8,0.7,0.1
"Bobby Portis",83,250,"Arkansas","USA","2015","1","22","F","MIL",70,49.6,37,76.8,17,14.1,9.6,1.5,1.2,0.4,0.2
"Bol Bol",86,220,"Oregon","Sudan","2019","2","44","C","ORL",70,54.6,26.5,75.9,-146,9.1,5.8,1,1.6,0.4,1.2
"Bones Hyland",74,169,"Virginia Commonwealth","USA","2021","1","26","PG","LAC",56,39.9,37.1,84.3,-129,11.8,2.4,3.1,1.5,0.7,0.3
"Bradley Beal",76,207,"Florida","USA","2012","1","3","SG","WAS",50,50.6,36.5,84.2,42,23.2,3.9,5.4,2.9,0.9,0.7
"Brandon Clarke",80,215,"Gonzaga","Canada","2019","1","21","PF","MEM",56,65.6,16.7,71.9,-14,10,5.5,1.3,1,0.6,0.7
"Brandon Ingram",80,190,"Duke","USA","2016","1","2","SF","NOP",45,48.4,39,88.2,96,24.7,5.5,5.8,3.3,0.7,0.4
"Braxton Key",80,225,"Virginia","USA","Undrafted","Undrafted","Undrafted","G","DET",3,100,0,100,-3,1.3,0.3,0,0,0,0
"Brook Lopez",85,282,"Stanford","USA","2008","1","10","C","MIL",78,53.1,37.4,78.4,398,15.9,6.7,1.3,1.4,0.5,2.5
"Bruce Brown",76,202,"Miami","USA","2018","2","42","SF","DEN",80,48.3,35.8,75.8,31,11.5,4.1,3.4,1.5,1.1,0.6
"Bruno Fernando",82,240,"Maryland","Angola","2019","2","34","PF","ATL",39,52.7,0,70,-75,3.9,3.5,0.8,0.6,0.2,0.9
"Bryce McGowens",78,175,"Nebraska","USA","2022","2","40","G","CHA",46,39.6,32.5,75,-150,5.3,2,1.2,0.9,0.3,0.1
"Bryn Forbes",74,205,"Michigan State","USA","Undrafted","Undrafted","Undrafted","SG","MIN",25,36.1,30.4,100,-48,3.6,0.6,0.7,0.5,0.3,0.1
"Buddy Boeheim",78,205,"Syracuse","USA","Undrafted","Undrafted","Undrafted","F","DET",10,18.5,16,100,3,1.6,0.6,0.4,0,0.2,0
"Buddy Hield",76,220,"Oklahoma","Bahamas","2016","1","6","SG","IND",80,45.8,42.5,82.2,-84,16.8,5,2.8,1.7,1.1,0.3
"Cade Cunningham",79,220,"Oklahoma State","USA","2021","1","1","PG","DET",12,41.5,27.9,83.7,-60,19.9,6.2,6,3.2,0.8,0.6
"Caleb Houstan",80,205,"Michigan","Canada","2022","2","32","G","ORL",51,36.3,33.8,83.3,-84,3.8,1.9,0.6,0.4,0.2,0.1
"Caleb Martin",77,205,"Nevada","USA","Undrafted","Undrafted","Undrafted","SF","MIA",71,46.4,35.6,80.5,-9,9.6,4.8,1.6,1.1,1,0.4
"Cam Reddish",79,217,"Duke","USA","2019","1","10","SF","POR",40,44.6,31.3,85.3,-193,9.7,2.2,1.4,1.2,1,0.3
"Cam Thomas",75,210,"Louisiana State","Japan","2021","1","27","SG","BKN",57,44.1,38.3,86.8,-4,10.6,1.7,1.4,1.1,0.4,0.1
"Cameron Johnson",80,210,"North Carolina","USA","2019","1","11","SF","BKN",42,47,40.4,84.2,155,15.5,4.4,1.9,0.9,1.2,0.3
"Cameron Payne",73,183,"Murray State","USA","2015","1","14","PG","PHX",48,41.5,36.8,76.6,77,10.3,2.2,4.5,1.7,0.7,0.2
"Caris LeVert",78,205,"Michigan","USA","2016","1","20","SG","CLE",74,43.1,39.2,72.2,194,12.1,3.8,3.9,1.6,1,0.3
"Carlik Jones",72,174,"Louisville","USA","Undrafted","Undrafted","Undrafted","G","CHI",7,40,50,62.5,26,2.9,0.7,0.9,0.3,0.3,0
"Cedi Osman",79,230,"None","Turkey","2015","2","31","SF","CLE",77,45.1,37.2,69.4,228,8.7,2.3,1.5,0.7,0.5,0.1
"Chance Comanche",82,210,"Arizona","USA","Undrafted","Undrafted","Undrafted","C","POR",1,60,0,25,-29,7,3,0,0,0,1
"Charles Bassey",81,230,"Western Kentucky","Nigeria","2021","2","53","C","SAS",35,64.4,37.5,59.5,-32,5.7,5.5,1.4,1.2,0.5,0.9
"Chima Moneke",77,223,"Cal-Davis","Nigeria","Undrafted","Undrafted","Undrafted","F","SAC",2,50,0,0,-9,1,1,0.5,1,0,0
"Chimezie Metu",81,225,"USC","USA","2018","2","49","PF","SAC",66,58.9,23.7,74,88,4.9,3,0.6,0.5,0.3,0.3
"Chris Boucher",81,200,"Oregon","Saint Lucia","Undrafted","Undrafted","Undrafted","PF","TOR",76,49.3,32.8,76.2,-18,9.4,5.5,0.4,0.5,0.6,0.8
"Chris Duarte",77,190,"Oregon","Dominican Republic","2021","1","13","SG","IND",46,36.9,31.6,84.7,-114,7.9,2.5,1.4,0.9,0.5,0.2
"Chris Paul",72,175,"Wake Forest","USA","2005","1","4","PG","PHX",59,44,37.5,83.1,84,13.9,4.3,8.9,1.9,1.5,0.4
"Chris Silva",80,234,"South Carolina","Gabon","Undrafted","Undrafted","Undrafted","F","DAL",1,100,0,0,1,2,0,0,1,0,0
"Christian Braun",78,220,"Kansas","USA","2022","1","21","G","DEN",76,49.5,35.4,62.5,-114,4.7,2.4,0.8,0.5,0.5,0.2
"Christian Koloko",84,230,"Arizona","Cameroon","2022","2","33","C","TOR",58,48,8.3,62.7,156,3.1,2.9,0.5,0.3,0.4,1
"Christian Wood",81,214,"UNLV","USA","Undrafted","Undrafted","Undrafted","F","DAL",67,51.5,37.6,77.2,-46,16.6,7.3,1.8,1.8,0.4,1.1
"Chuma Okeke",80,229,"Auburn","USA","2019","1","16","PF","ORL",27,35.2,30.2,76.2,-118,4.7,3.6,1.4,0.6,0.7,0.4
"CJ McCollum",75,190,"Lehigh","USA","2013","1","10","SG","NOP",75,43.7,38.9,76.9,59,20.9,4.4,5.7,2.4,0.9,0.5
"Clint Capela",82,256,"None","Switzerland","2014","1","25","C","ATL",65,65.3,0,60.3,-30,12,11,0.9,0.8,0.7,1.2
"Coby White",77,195,"North Carolina","USA","2019","1","7","PG","CHI",74,44.3,37.2,87.1,143,9.7,2.9,2.8,1,0.7,0.1
"Cody Martin",78,205,"Nevada","USA","2019","2","36","SF","CHA",7,38.9,21.4,57.1,-26,5,3.4,1.6,0.3,0.6,0.1
"Cody Zeller",83,240,"Indiana","USA","2013","1","4","C","MIA",15,62.7,0,68.6,-48,6.5,4.3,0.7,0.9,0.2,0.3
"Cole Anthony",75,185,"North Carolina","USA","2020","1","15","PG","ORL",60,45.4,36.4,89.4,-26,13,4.8,3.9,1.5,0.6,0.5
"Cole Swider",81,220,"Syracuse","USA","Undrafted","Undrafted","Undrafted","F","LAL",7,33.3,37.5,0,3,1.3,1,0.6,0,0,0
"Collin Sexton",74,190,"Alabama","USA","2018","1","8","PG","UTA",48,50.6,39.3,81.9,-28,14.3,2.2,2.9,1.8,0.6,0.1
"Corey Kispert",78,224,"Gonzaga","USA","2021","1","15","SF","WAS",74,49.7,42.4,85.2,-124,11.1,2.8,1.2,0.7,0.4,0.1
"Cory Joseph",75,200,"Texas","Canada","2011","1","29","PG","DET",62,42.7,38.9,79.2,-110,6.9,1.7,3.5,0.9,0.5,0.1
"D'Angelo Russell",76,193,"Ohio State","USA","2015","1","2","PG","LAL",71,46.9,39.6,82.9,85,17.8,3,6.2,2.6,1,0.4
"Daishen Nix",76,226,"None","USA","Undrafted","Undrafted","Undrafted","SG","HOU",57,34.2,28.6,66.7,-151,4,1.7,2.3,1.5,0.5,0.1
"Dalano Banton",79,204,"Nebraska","Canada","2021","2","46","PG","TOR",31,42.3,29.4,70.8,-34,4.6,1.5,1.2,0.6,0.4,0.4
"Dalen Terry",79,195,"Arizona","USA","2022","1","18","F","CHI",38,44.4,25.9,66.7,12,2.2,1,0.6,0.2,0.3,0.1
"Damian Jones",83,245,"Vanderbilt","USA","2016","1","30","C","UTA",41,64,58.8,75.9,-83,3.5,3,0.4,0.6,0.2,0.5
"Damian Lillard",74,195,"Weber State","USA","2012","1","6","PG","POR",58,46.3,37.1,91.4,105,32.2,4.8,7.3,3.3,0.9,0.3
"Damion Lee",77,210,"Drexel","USA","Undrafted","Undrafted","Undrafted","SG","PHX",74,44.2,44.5,90.4,79,8.2,3,1.3,1.1,0.4,0.1
"Daniel Gafford",82,234,"Arkansas","USA","2019","2","38","C","WAS",78,73.2,0,67.9,-89,9,5.6,1.1,1.1,0.4,1.3
"Daniel Theis",80,245,"None","Germany","Undrafted","Undrafted","Undrafted","C","IND",7,47.7,18.2,41.7,-19,7,3.1,1.3,0.4,0.3,0.9
"Danny Green",78,215,"North Carolina","USA","2009","2","46","F","CLE",11,44.9,43.2,100,-17,5.5,1.3,0.5,0.9,0.5,0.3
"Danuel House Jr.",78,220,"Texas A&M","USA","Undrafted","Undrafted","Undrafted","SF","PHI",56,47.2,33.6,75,-16,4.8,1.7,0.8,0.5,0.2,0.2
"Darius Bazley",81,216,"None","USA","2019","1","23","PF","PHX",43,45.4,37.7,54.3,-70,5.2,3.2,0.9,0.6,0.5,0.8
"Darius Days",79,245,"Winnipeg Sea Bears","USA","Undrafted","Undrafted","Undrafted","F","HOU",4,41.7,30,100,1,3.8,1.5,0.2,0,0,0.2
"Darius Garland",73,192,"Vanderbilt","USA","2019","1","5","PG","CLE",69,46.2,41,86.3,438,21.6,2.7,7.8,2.9,1.2,0.1
"David Duke Jr.",76,204,"Providence","USA","Undrafted","Undrafted","Undrafted","G","BKN",23,46.2,8.3,70.6,-35,3.7,1.3,0.9,0.8,0.4,0
"David Roddy",76,255,"Colorado State","USA","2022","1","23","F","MEM",70,42.9,30.7,63.1,-61,6.7,2.8,0.8,0.8,0.4,0.3
"Davion Mitchell",72,202,"Baylor","USA","2021","1","9","PG","SAC",80,45.4,32,80.6,1,5.6,1.3,2.3,0.8,0.6,0.2
"Davon Reed",77,206,"Miami","USA","2017","2","32","SG","LAL",43,33.3,37,66.7,-99,2.1,1.4,0.5,0.5,0.3,0.1
"Day'Ron Sharpe",81,265,"North Carolina","USA","2021","1","29","C","BKN",48,54.4,54.5,63.6,-101,4.7,4.2,0.8,0.9,0.3,0.7
"De'Aaron Fox",75,185,"Kentucky","USA","2017","1","5","PG","SAC",73,51.2,32.4,78,176,25,4.2,6.1,2.5,1.1,0.3
"De'Andre Hunter",80,221,"Virginia","USA","2019","1","4","SF","ATL",67,46.1,35,82.6,-18,15.4,4.2,1.4,1.2,0.5,0.3
"De'Anthony Melton",74,200,"Southern California","USA","2018","2","46","SG","PHI",77,42.5,39,79.3,102,10.1,4.1,2.6,1.3,1.6,0.5
"Dean Wade",81,228,"Kansas State","USA","Undrafted","Undrafted","Undrafted","PF","CLE",44,41.2,35.4,65.2,108,4.7,3.4,0.8,0.4,0.6,0.5
"Deandre Ayton",84,250,"Arizona","Bahamas","2018","1","1","C","PHX",67,58.9,29.2,76,-7,18,10,1.7,1.8,0.6,0.8
"DeAndre Jordan",83,265,"Texas A&M","USA","2008","2","35","C","DEN",39,76.5,100,45.8,-119,5.1,5.2,0.9,1.2,0.3,0.6
"Dejounte Murray",77,180,"Washington","USA","2016","1","29","SG","ATL",74,46.4,34.4,83.2,-62,20.5,5.3,6.1,2.2,1.5,0.3
"Delon Wright",77,185,"Utah","USA","2015","1","20","SG","WAS",50,47.4,34.5,86.7,69,7.4,3.6,3.9,0.9,1.8,0.3
"DeMar DeRozan",78,220,"Southern California","USA","2009","1","9","SF","CHI",74,50.4,32.4,87.2,67,24.5,4.6,5.1,2.1,1.1,0.5
"Deni Avdija",81,210,"None","Israel","2020","1","9","SF","WAS",76,43.7,29.7,73.9,-51,9.2,6.4,2.8,1.6,0.9,0.4
"Dennis Smith Jr.",74,205,"North Carolina State","USA","2017","1","9","PG","CHA",54,41.2,21.6,73.6,-70,8.8,3.1,4.8,1.5,1.4,0.5
"Deonte Burton",76,240,"Iowa State","USA","Undrafted","Undrafted","Undrafted","N/A","SAC",2,0,0,0,5,0,0,0,0,0,0
"Dereon Seabron",77,180,"North Carolina State","USA","Undrafted","Undrafted","Undrafted","G","NOP",5,40,0,0,10,0.8,0.2,0,0,0,0
"Derrick Jones Jr.",78,210,"UNLV","USA","Undrafted","Undrafted","Undrafted","SF","CHI",64,50,33.8,73.8,122,5,2.4,0.5,0.4,0.5,0.6
"Derrick Rose",75,200,"Memphis","USA","2008","1","1","PG","NYK",27,38.4,30.2,91.7,-29,5.6,1.5,1.7,0.8,0.3,0.2
"Derrick White",76,190,"Colorado","USA","2017","1","29","PG","BOS",82,46.2,38.1,87.5,488,12.4,3.6,3.9,1.2,0.7,0.9
"Desmond Bane",77,215,"TCU","USA","2020","1","30","SG","MEM",58,47.9,40.8,88.3,356,21.5,5,4.4,2.2,1,0.4
"Devin Booker",77,206,"Kentucky","USA","2015","1","13","SG","PHX",53,49.4,35.1,85.5,247,27.8,4.5,5.5,2.7,1,0.3
"Devin Vassell",77,200,"Florida State","USA","2020","1","11","SG","SAS",38,43.9,38.7,78,-295,18.5,3.9,3.6,1.5,1.1,0.4
"Devon Dotson",73,185,"Kansas","USA","Undrafted","Undrafted","Undrafted","G","WAS",6,10,25,0,-3,0.5,1.7,1.3,0.5,0.8,0
"Devonte' Graham",73,195,"Kansas","USA","2018","2","34","PG","SAS",73,37.4,35.2,74.8,-159,7.4,1.7,2.7,0.7,0.6,0.2
"Dewayne Dedmon",82,245,"USC","USA","Undrafted","Undrafted","Undrafted","C","PHI",38,51,30.8,67.3,-124,5.2,3.5,0.7,0.7,0.2,0.5
"Dillon Brooks",78,225,"Oregon","Canada","2017","2","45","SF","MEM",73,39.6,32.6,77.9,205,14.3,3.3,2.6,1.4,0.9,0.2
"Domantas Sabonis",85,240,"Gonzaga","Lithuania","2016","1","11","PF","SAC",79,61.5,37.3,74.2,212,19.1,12.3,7.3,2.9,0.8,0.5
"Dominick Barlow",81,215,"None","USA","Undrafted","Undrafted","Undrafted","F","SAS",28,53.5,0,72,-108,3.9,3.6,0.9,0.5,0.4,0.7
"Donovan Mitchell",73,215,"Louisville","USA","2017","1","13","SG","CLE",68,48.4,38.6,86.7,338,28.3,4.2,4.4,2.6,1.5,0.4
"Donovan Williams",78,190,"UNLV","USA","Undrafted","Undrafted","Undrafted","G","ATL",2,40,0,0,6,2,1,0,0,0,0
"Donte DiVincenzo",76,203,"Villanova","USA","2018","1","17","SG","GSW",72,43.5,39.7,81.7,124,9.4,4.5,3.5,1.6,1.3,0.1
"Dorian Finney-Smith",79,220,"Florida","USA","Undrafted","Undrafted","Undrafted","PF","BKN",66,39.1,33.7,76.3,-8,8.3,4.8,1.5,0.9,0.8,0.5
"Doug McDermott",78,225,"Creighton","USA","2014","1","11","SF","SAS",64,45.7,41.3,75.7,-237,10.2,2.2,1.4,0.9,0.2,0.1
"Draymond Green",78,230,"Michigan State","USA","2012","2","35","PF","GSW",73,52.7,30.5,71.3,346,8.5,7.2,6.8,2.8,1,0.8
"Drew Eubanks",82,245,"Oregon State","USA","Undrafted","Undrafted","Undrafted","PF","POR",78,64.1,38.9,66.4,-131,6.6,5.4,1.3,0.9,0.5,1.3
"Dru Smith",75,203,"Missouri","USA","Undrafted","Undrafted","Undrafted","G","BKN",15,40,26.3,100,-28,2.9,1.6,1.5,0.2,0.7,0.3
"Duane Washington Jr.",74,197,"Ohio State","Germany","Undrafted","Undrafted","Undrafted","PG","NYK",31,36.7,36,66.7,-6,7.9,1.2,2,1.1,0.2,0.1
"Duncan Robinson",79,215,"Michigan","USA","Undrafted","Undrafted","Undrafted","F","MIA",42,37.1,32.8,90.6,-56,6.4,1.6,1.1,0.7,0.3,0
"Dwight Powell",82,240,"Stanford","Canada","2014","2","45","C","DAL",76,73.2,0,66.7,166,6.7,4.1,0.9,0.9,0.6,0.3
"Dylan Windler",79,196,"Belmont","USA","2019","1","26","SG","CLE",3,66.7,50,0,-1,1.7,0,0.3,0.3,0.3,0
"Dyson Daniels",79,199,"None","Australia","2022","1","8","G","NOP",59,41.8,31.4,65,-7,3.8,3.2,2.3,1,0.7,0.2
"Edmond Sumner",76,196,"Xavier","USA","2017","2","52","PG","BKN",53,46.1,35.6,91.7,25,7.1,1.5,1.3,0.9,0.6,0.2
"Eric Gordon",75,215,"Indiana","USA","2008","1","7","SG","LAC",69,44.6,37.1,82.1,-210,12.4,1.9,2.7,1.5,0.6,0.4
"Eugene Omoruyi",78,235,"Oregon","Nigeria","Undrafted","Undrafted","Undrafted","F","DET",40,44.3,28.1,68,-41,7,2.8,0.7,0.8,0.7,0.1
"Evan Fournier",78,205,"None","France","2012","1","20","SG","NYK",27,33.7,30.7,85.7,-54,6.1,1.8,1.3,0.8,0.6,0.1
"Evan Mobley",83,215,"Southern California","USA","2021","1","3","PF","CLE",79,55.4,21.6,67.4,339,16.2,9,2.8,1.8,0.8,1.5
"Facundo Campazzo",70,195,"None","Argentina","Undrafted","Undrafted","Undrafted","G","DAL",8,23.1,27.3,50,11,1.2,0.2,1.1,0.4,0.8,0
"Frank Jackson",75,205,"Duke","USA","2017","2","31","N/A","UTA",1,0,0,0,-2,0,2,1,0,0,0
"Frank Kaminsky",84,240,"Wisconsin","USA","2015","1","9","PF","HOU",36,49.2,39.4,87.5,-4,2.5,1.4,0.9,0.2,0.2,0.1
"Frank Ntilikina",76,200,"None","France","2017","1","8","PG","DAL",47,36.4,25.4,66.7,35,2.9,1.3,1.2,0.6,0.3,0.1
"Franz Wagner",82,220,"Michigan","Germany","2021","1","8","SF","ORL",80,48.5,36.1,84.2,50,18.6,4.1,3.5,2.1,1,0.2
"Fred VanVleet",72,197,"Wichita State","USA","Undrafted","Undrafted","Undrafted","SG","TOR",69,39.3,34.2,89.8,195,19.3,4.1,7.2,2,1.8,0.6
"Furkan Korkmaz",79,202,"None","Turkey","2016","1","26","SG","PHI",37,43.2,39.1,72.2,2,3.8,1.1,0.6,0.6,0.3,0.1
"Gabe Vincent",74,200,"California-Santa Barbara","USA","Undrafted","Undrafted","Undrafted","PG","MIA",68,40.2,33.4,87.2,-28,9.4,2.1,2.5,1.4,0.9,0.1
"Gabe York",75,190,"Arizona","USA","Undrafted","Undrafted","Undrafted","G","IND",3,38.1,33.3,100,24,8,2,1.7,0,0.7,0
"Garrett Temple",78,195,"Louisiana State","USA","Undrafted","Undrafted","Undrafted","SF","NOP",25,40,42.3,75,-17,2,0.7,0.5,0.2,0.4,0.1
"Garrison Mathews",78,215,"Lipscomb","USA","Undrafted","Undrafted","Undrafted","SG","ATL",54,36.3,35,90.6,-87,4.8,1.4,0.5,0.4,0.4,0.1
"Gary Harris",76,210,"Michigan State","USA","2014","1","19","SG","ORL",48,45,43.1,90,-84,8.3,2,1.2,0.6,0.9,0.2
"Gary Payton II",74,195,"Oregon State","USA","Undrafted","Undrafted","Undrafted","SG","GSW",22,59.4,50,85.7,39,4.6,3.1,1.4,0.7,1,0.2
"Gary Trent Jr.",77,209,"Duke","USA","2018","2","37","SG","TOR",66,43.3,36.9,83.9,-52,17.4,2.6,1.6,0.8,1.6,0.2
"George Hill",76,188,"Indiana-Purdue Indianapolis","USA","2008","1","26","PG","IND",46,47,35.8,76.4,41,5,1.8,2.4,0.7,0.6,0.1
"Georges Niang",79,230,"Iowa State","USA","2016","2","50","SF","PHI",78,44.2,40.1,86.7,75,8.2,2.4,1,0.7,0.4,0.2
"Giannis Antetokounmpo",84,243,"None","Greece","2013","1","15","PF","MIL",63,55.3,27.5,64.5,341,31.1,11.8,5.7,3.9,0.8,0.8
"Goga Bitadze",83,250,"None","Georgia","2019","1","18","C","ORL",38,55.2,23.1,54.8,26,4.4,3.6,1,0.6,0.4,0.7
"Goran Dragic",76,190,"None","Slovenia","2008","2","45","PG","MIL",58,42.1,35.9,68.9,5,6.3,1.4,2.6,1.1,0.2,0.1
"Gordon Hayward",79,225,"Butler","USA","2010","1","9","SF","CHA",50,47.5,32.5,81.1,-108,14.7,4.3,4.1,2,0.8,0.2
"Gorgui Dieng",82,248,"Louisville","Senegal","2013","1","21","C","SAS",31,38.5,28,76.9,-152,3.9,3.5,1.7,1,0.1,0.5
"Grant Williams",78,236,"Tennessee","USA","2019","1","22","PF","BOS",79,45.4,39.5,77,206,8.1,4.6,1.7,1,0.5,0.4
"Grayson Allen",76,198,"Duke","USA","2018","1","21","SG","MIL",72,44,39.9,90.5,227,10.4,3.3,2.3,1,0.9,0.2
"Greg Brown III",79,206,"Texas","USA","2021","2","43","PF","POR",16,39.3,14.3,41.7,-5,1.8,1.2,0.2,0.4,0.2,0.3
"Hamidou Diallo",77,202,"Kentucky","USA","2018","2","45","SG","DET",56,57.3,23.8,58.8,-16,9.3,3.5,1,1.3,0.9,0.3
"Harrison Barnes",80,225,"North Carolina","USA","2012","1","7","SF","SAC",82,47.3,37.4,84.7,255,15,4.5,1.6,1,0.7,0.1
"Haywood Highsmith",77,220,"Wheeling Jesuit","USA","2018",NA,NA,"F","MIA",54,43.1,33.9,46.4,-103,4.4,3.5,0.8,0.8,0.7,0.3
"Herbert Jones",79,206,"Alabama","USA","2021","2","35","SF","NOP",66,46.9,33.5,76.4,150,9.8,4.1,2.5,1.3,1.6,0.6
"Immanuel Quickley",74,190,"Kentucky","USA","2020","1","25","SG","NYK",81,44.8,37,81.9,318,14.9,4.2,3.4,1.2,1,0.2
"Isaac Okoro",77,225,"Auburn","USA","2020","1","5","SF","CLE",76,49.4,36.3,75.7,126,6.4,2.5,1.1,0.6,0.7,0.4
"Isaiah Hartenstein",84,250,"None","Germany","2017","2","43","C","NYK",82,53.5,21.6,67.6,151,5,6.5,1.2,0.8,0.6,0.8
"Isaiah Jackson",81,205,"Kentucky","USA","2021","1","22","SF","IND",63,56.3,14.3,65.1,-124,7.2,4.5,0.8,0.8,0.5,1.5
"Isaiah Joe",75,165,"Arkansas","USA","2020","2","49","SG","OKC",73,44.1,40.9,82,213,9.5,2.4,1.2,0.5,0.7,0.1
"Isaiah Livers",78,232,"Michigan","USA","2021","2","42","PF","DET",52,41.7,36.5,82.1,-202,6.7,2.8,0.8,0.6,0.5,0.5
"Isaiah Mobley",80,238,"USC","USA","2022","2","49","F","CLE",12,42.9,37.5,100,31,2.6,1.7,0.2,0.1,0.3,0.2
"Isaiah Roby",80,230,"Nebraska","USA","2019","2","45","F","NYK",42,43.2,30,48.8,-110,4.1,2.6,0.9,0.7,0.4,0.2
"Isaiah Stewart",80,250,"Washington","USA","2020","1","16","C","DET",50,44.2,32.7,73.8,-226,11.3,8.1,1.4,1.4,0.4,0.7
"Isaiah Todd",81,219,"None","USA","2021","2","31","PF","WAS",6,15.8,10,100,-7,1.5,2,0.7,0.3,0.2,0
"Ish Smith",72,175,"Wake Forest","USA","Undrafted","Undrafted","Undrafted","PG","DEN",43,39.7,16.7,50,-36,2.5,1.3,2.3,1,0.2,0.2
"Ish Wainright",77,250,"Baylor","USA","Undrafted","Undrafted","Undrafted","F","PHX",60,37,32.9,83.9,92,4.2,2.3,0.9,0.4,0.6,0.4
"Ivica Zubac",84,240,"None","Croatia","2016","2","32","C","LAC",76,63.4,0,69.7,-33,10.8,9.9,1,1.5,0.4,1.3
"Ja Morant",74,174,"Murray State","USA","2019","1","2","PG","MEM",61,46.6,30.7,74.8,302,26.2,5.9,8.1,3.4,1.1,0.3
"Jabari Smith Jr.",83,220,"Auburn","USA","2022","1","3","PF","HOU",79,40.8,30.7,78.6,-555,12.8,7.2,1.3,1.3,0.5,0.9
"Jabari Walker",79,200,"Colorado","USA","2022","2","57","F","POR",56,41.9,28.6,75.6,-115,3.9,2.3,0.6,0.5,0.2,0.2
"Jack White",79,225,"Duke","Australia","Undrafted","Undrafted","Undrafted","F","DEN",17,42.1,33.3,66.7,-17,1.2,1,0.2,0.1,0.2,0.1
"Jacob Gilyard",69,160,"Richmond","USA","Undrafted","Undrafted","Undrafted","G","MEM",1,33.3,33.3,0,-13,3,4,7,2,3,0
"Jaden Hardy",75,198,"None","USA","2022","2","37","G","DAL",48,43.8,40.4,82.3,-32,8.8,1.9,1.4,1,0.4,0.1
"Jaden Ivey",76,195,"Purdue","USA","2022","1","5","PG","DET",74,41.6,34.3,74.7,-642,16.3,3.9,5.2,3.2,0.8,0.2
"Jaden McDaniels",81,185,"Washington","USA","2020","1","28","PF","MIN",79,51.7,39.8,73.6,70,12.1,3.9,1.9,1.4,0.9,1
"Jaden Springer",76,202,"Tennessee","USA","2021","1","28","G","PHI",16,48.6,40,75,-3,2.6,0.9,0.5,0.2,0.4,0.2
"Jae Crowder",78,235,"Marquette","USA","2012","2","34","PF","MIL",18,47.9,43.6,83.3,0,6.9,3.8,1.5,0.4,0.7,0.3
"Jae'Sean Tate",77,230,"Ohio State","USA","Undrafted","Undrafted","Undrafted","SF","HOU",31,48,28.3,72.5,-94,9.1,3.8,2.7,1.5,0.7,0.2
"Jake LaRavia",79,235,"Wake Forest","USA","2022","1","19","F","MEM",35,38.9,33.8,77.8,-78,3,1.8,0.6,0.5,0.3,0.1
"Jakob Poeltl",85,245,"Utah","Austria","2016","1","9","C","TOR",72,62.9,0,59.2,-146,12.5,9.1,2.7,1.7,0.9,1.2
"Jalen Brunson",74,190,"Villanova","USA","2018","2","33","PG","NYK",68,49.1,41.6,82.9,152,24,3.5,6.2,2.1,0.9,0.2
"Jalen Duren",83,250,"Memphis","USA","2022","1","13","C","DET",67,64.8,0,61.1,-279,9.1,8.9,1.1,1.4,0.7,0.9
"Jalen Green",76,186,"None","USA","2021","1","2","SG","HOU",76,41.6,33.8,78.6,-447,22.1,3.7,3.7,2.6,0.8,0.2
"Jalen Johnson",80,219,"Duke","USA","2021","1","20","SF","ATL",70,49.1,28.8,62.8,-10,5.6,4,1.2,0.6,0.5,0.5
"Jalen McDaniels",81,205,"San Diego State","USA","2019","2","52","PF","PHI",80,45.5,33.2,84.1,-149,9.4,4.3,1.6,1.2,1,0.4
"Jalen Smith",81,215,"Maryland","USA","2020","1","10","PF","IND",68,47.6,28.3,75.9,-95,9.4,5.8,1,1.1,0.3,0.9
"Jalen Suggs",77,205,"Gonzaga","USA","2021","1","5","SG","ORL",53,41.9,32.7,72.3,-40,9.9,3,2.9,1.8,1.3,0.5
"Jalen Williams",77,211,"Santa Clara","USA","2022","1","12","F","OKC",75,52.1,35.6,81.2,-53,14.1,4.5,3.3,1.6,1.4,0.5
"Jamal Cain",78,191,"Oakland","USA","Undrafted","Undrafted","Undrafted","F","MIA",18,56.1,35,77.3,22,5.4,2.9,0.7,0.3,0.6,0.1
"Jamal Murray",76,215,"Kentucky","Canada","2016","1","7","PG","DEN",65,45.4,39.8,83.3,300,20,4,6.2,2.2,1,0.2
"Jamaree Bouyea",74,180,"San Francisco","USA","Undrafted","Undrafted","Undrafted","G","WAS",5,42.9,33.3,50,-17,3,1.2,0.8,0.8,0.8,0.4
"James Bouknight",76,190,"Connecticut","USA","2021","1","11","SG","CHA",34,35.8,30.3,66.7,-97,5.6,2.1,1.2,0.9,0.4,0.1
"James Harden",77,220,"Arizona State","USA","2009","1","3","SG","PHI",58,44.1,38.5,86.7,277,21,6.1,10.7,3.4,1.2,0.5
"James Johnson",79,240,"Wake Forest","USA","2009","1","16","PF","IND",18,44.9,20,50,-7,2.8,1.7,0.8,0.4,0.4,0.3
"James Wiseman",84,240,"Memphis","USA","2020","1","2","C","DET",45,55.8,20,70.1,-327,10,5.9,0.7,1.1,0.2,0.6
"JaMychal Green",81,227,"Alabama","USA","Undrafted","Undrafted","Undrafted","F","GSW",57,54,37.8,77.6,-156,6.4,3.6,0.9,0.9,0.4,0.4
"Jared Butler",75,193,"Baylor","USA","2021","2","40","SG","OKC",6,46.9,50,0,-1,6.2,0.7,1.3,0.8,0.8,0
"Jared Rhoden",78,210,"Seton Hall","USA","Undrafted","Undrafted","Undrafted","G","DET",14,38.6,25,100,21,3.2,2.6,0.3,0.2,0.3,0.1
"Jaren Jackson Jr.",82,242,"Michigan State","USA","2018","1","4","PF","MEM",63,50.6,35.5,78.8,366,18.6,6.8,1,1.7,1,3
"Jarred Vanderbilt",80,214,"Kentucky","USA","2018","2","41","PF","LAL",78,54.8,32.2,69.1,-101,7.9,7.5,2.4,1.2,1.1,0.3
"Jarrell Brantley",77,250,"College of Charleston","USA","2019","2","50","PF","UTA",4,57.1,44.4,100,15,5.5,1.5,0.8,0.5,0,0.5
"Jarrett Allen",81,243,"Texas","USA","2017","1","22","C","CLE",68,64.4,10,73.3,345,14.2,9.8,1.7,1.4,0.8,1.2
"Jarrett Culver",78,195,"Texas Tech","USA","2019","1","6","G","ATL",10,39.5,8.3,69.2,-19,4.4,3.8,0.6,0.7,0.6,0.2
"Jason Preston",75,181,"Ohio","USA","2021","2","33","PG","LAC",14,43.9,27.8,0,-11,2.9,1.6,1.9,0.7,0.1,0
"JaVale McGee",84,270,"Nevada","USA","2008","1","18","C","DAL",42,64,40,58.5,-57,4.4,2.5,0.3,0.9,0.1,0.6
"Javonte Green",77,205,"Radford","USA","Undrafted","Undrafted","Undrafted","SF","CHI",32,56.5,37.1,66.7,48,5.2,2.8,0.7,0.6,0.8,0.7
"Jaxson Hayes",84,220,"Texas","USA","2019","1","8","C","NOP",47,55.1,10.3,69.9,-70,5,2.8,0.7,0.7,0.4,0.4
"Jay Huff",85,240,"Virginia","USA","Undrafted","Undrafted","Undrafted","C","WAS",7,60,50,93.8,-7,7.3,3,1.4,0.7,0.4,0.6
"Jay Scrubb",77,220,"John A. Logan","USA","2020","2","55","G","ORL",2,71.4,100,50,-16,6.5,3,0.5,1.5,1,0
"Jaylen Brown",78,223,"California","USA","2016","1","3","SG","BOS",67,49.1,33.5,76.5,256,26.6,6.9,3.5,2.9,1.1,0.4
"Jaylen Nowell",76,201,"Washington","USA","2019","2","43","SG","MIN",65,44.8,28.9,77.8,-8,10.8,2.6,2,1,0.6,0.1
"Jaylin Williams",81,240,"Arkansas","USA","2022","2","34","F","OKC",49,43.6,40.7,70.4,-90,5.9,4.9,1.6,0.8,0.6,0.2
"Jayson Tatum",80,210,"Duke","USA","2017","1","3","SF","BOS",74,46.6,35,85.4,470,30.1,8.8,4.6,2.9,1.1,0.7
"JD Davison",73,195,"Alabama","USA","2022","2","53","SG","BOS",12,42.1,28.6,50,-6,1.6,0.8,0.9,0.3,0.2,0.2
"Jeff Dowtin Jr.",75,177,"Rhode Island","USA","Undrafted","Undrafted","Undrafted","PG","TOR",25,43.9,31.3,66.7,-9,2.4,0.9,1.2,0.2,0.4,0.1
"Jeff Green",80,235,"Georgetown","USA","2007","1","5","PF","DEN",56,48.8,28.8,74.4,-193,7.8,2.6,1.2,0.8,0.3,0.3
"Jerami Grant",80,210,"Syracuse","USA","2014","2","39","SF","POR",63,47.5,40.1,81.3,-35,20.5,4.5,2.4,1.8,0.8,0.8
"Jeremiah Robinson-Earl",80,240,"Villanova","USA","2021","2","32","PF","OKC",43,44.4,33.3,83.3,-10,6.8,4.2,1,0.4,0.6,0.3
"Jeremy Sochan",80,230,"Baylor","Poland","2022","1","9","F","SAS",56,45.3,24.6,69.8,-235,11,5.3,2.5,1.7,0.8,0.4
"Jericho Sims",82,250,"Texas","USA","2021","2","58","C","NYK",52,77.6,0,75,-113,3.4,4.7,0.5,0.5,0.3,0.5
"Jevon Carter",73,200,"West Virginia","USA","2018","2","32","PG","MIL",81,42.3,42.1,81.6,63,8,2.5,2.4,1,0.8,0.4
"Jock Landale",83,255,"St. Mary's","Australia","Undrafted","Undrafted","Undrafted","C","PHX",69,52.8,25,75.2,141,6.6,4.1,1,0.9,0.2,0.4
"Joe Harris",78,220,"Virginia","USA","2014","2","33","SF","BKN",74,45.7,42.6,64.3,-24,7.6,2.2,1.4,0.6,0.5,0.2
"Joe Ingles",81,220,"None","Australia","Undrafted","Undrafted","Undrafted","SG","MIL",46,43.5,40.9,85.7,80,6.9,2.8,3.3,1.2,0.7,0.1
"Joe Wieskamp",78,205,"Iowa","USA","2021","2","41","SF","TOR",9,21.4,25,0,2,1,0.4,0.3,0.1,0,0
"Joel Embiid",84,280,"Kansas","Cameroon","2014","1","3","C","PHI",66,54.8,33,85.7,424,33.1,10.2,4.2,3.4,1,1.7
"John Butler Jr.",84,190,"Florida State","USA","Undrafted","Undrafted","Undrafted","F","POR",19,32.1,22.9,75,-70,2.4,0.9,0.6,0.1,0.4,0.5
"John Collins",81,226,"Wake Forest","USA","2017","1","19","PF","ATL",71,50.8,29.2,80.3,-21,13.1,6.5,1.2,1.1,0.6,1
"John Konchar",77,210,"Indiana-Purdue Fort Wayne","USA","Undrafted","Undrafted","Undrafted","SG","MEM",72,43.1,33.9,77.8,209,5.1,4.3,1.4,0.5,1.1,0.3
"John Wall",75,210,"Kentucky","USA","2010","1","1","PG","LAC",34,40.7,30.3,68.1,-106,11.4,2.7,5.2,2.4,0.8,0.4
"Johnny Davis",76,195,"Wisconsin","USA","2022","1","10","G","WAS",28,38.6,24.3,51.9,-54,5.8,2.3,1,0.6,0.4,0.3
"Johnny Juzang",78,209,"UCLA","USA","Undrafted","Undrafted","Undrafted","G","UTA",18,33.7,23.8,50,-87,4.8,2.2,0.4,0.2,0.2,0.2
"Jonathan Isaac",82,230,"Florida State","USA","2017","1","6","PF","ORL",11,41.5,40,55.6,-19,5,4,0.5,0.4,1.3,0.4
"Jonathan Kuminga",79,225,"None","DRC","2021","1","7","PF","GSW",67,52.5,37,65.2,-53,9.9,3.4,1.9,1.4,0.6,0.5
"Jordan Clarkson",77,194,"Missouri","USA","2014","2","46","PG","UTA",61,44.4,33.8,81.6,35,20.8,4,4.4,3,0.5,0.2
"Jordan Goodwin",75,200,"St. Louis","USA","Undrafted","Undrafted","Undrafted","G","WAS",62,44.8,32.2,76.8,-117,6.6,3.3,2.7,0.9,0.9,0.4
"Jordan Hall",79,215,"St. Joseph's (PA)","USA","Undrafted","Undrafted","Undrafted","G","SAS",9,32.1,20,77.8,-24,3.1,1.3,1.2,0.8,0.1,0
"Jordan McLaughlin",72,185,"Southern California","USA","Undrafted","Undrafted","Undrafted","PG","MIN",43,42.1,30.8,83.3,84,3.7,1.4,3.4,0.8,0.7,0.1
"Jordan Nwora",81,225,"Louisville","USA","2020","2","45","SF","IND",62,43.6,40.8,79.1,-252,8.7,3.7,1.4,1.1,0.4,0.2
"Jordan Poole",76,194,"Michigan","USA","2019","1","28","SG","GSW",82,43,33.6,87,-11,20.4,2.7,4.5,3.1,0.8,0.3
"Jordan Schakel",78,200,"San Diego State","USA","Undrafted","Undrafted","Undrafted","F","WAS",2,50,100,0,6,1.5,0,0.5,0,0.5,0
"Jose Alvarado",72,179,"Georgia Tech","USA","Undrafted","Undrafted","Undrafted","PG","NOP",61,41.1,33.6,81.3,103,9,2.3,3,1.3,1.1,0.2
"Josh Christopher",76,215,"Arizona State","USA","2021","1","24","SG","HOU",64,46.5,23.6,75,-225,5.8,1.1,1.1,0.9,0.5,0.2
"Josh Giddey",80,216,"None","Australia","2021","1","6","SG","OKC",76,48.2,32.5,73.1,-105,16.6,7.9,6.2,2.8,0.8,0.4
"Josh Green",79,200,"Arizona","Australia","2020","1","18","SG","DAL",60,53.7,40.2,72.3,77,9.1,3,1.7,1.2,0.7,0.1
"Josh Hart",76,215,"Villanova","USA","2017","1","30","SG","NYK",76,52.9,37.2,75,315,9.8,7.8,3.8,1.5,1.2,0.3
"Josh Minott",80,205,"Memphis","USA","2022","2","45","F","MIN",15,50,33.3,100,24,3.1,1.7,0.3,0.2,0.3,0.4
"Josh Okogie",76,213,"Georgia Tech","Nigeria","2018","1","20","SF","PHX",72,39.1,33.5,72.4,106,7.3,3.5,1.5,0.9,0.8,0.5
"Josh Richardson",78,200,"Tennessee","USA","2015","2","40","SG","NOP",65,43.1,36.5,85.2,-161,10.1,2.7,2.7,1.3,1.1,0.3
"Joshua Primo",78,189,"Alabama","Canada","2021","1","12","SG","SAS",4,34.6,25,77.8,-2,7,3.2,4.5,2.8,0.2,0.5
"Jrue Holiday",77,205,"UCLA","USA","2009","1","17","PG","MIL",67,47.9,38.4,85.9,481,19.3,5.1,7.4,2.9,1.2,0.4
"JT Thor",81,203,"Auburn","USA","2021","2","37","F","CHA",69,39.9,31.7,70.2,-163,3.8,2.2,0.5,0.6,0.3,0.3
"Juan Toscano-Anderson",78,209,"Marquette","USA","Undrafted","Undrafted","Undrafted","SF","UTA",52,44.8,18.6,79.2,-147,3,2.4,1.2,0.7,0.3,0.2
"Juancho Hernangomez",81,214,"None","Spain","2016","1","15","PF","TOR",42,42.1,25.4,56.3,13,2.9,2.9,0.6,0.4,0.4,0.1
"Julian Champagnie",79,217,"St. John's","USA","Undrafted","Undrafted","Undrafted","F","SAS",17,45.4,40.2,82.4,-74,9.7,3.5,0.6,0.6,0.4,0.3
"Julius Randle",80,250,"Kentucky","USA","2014","1","7","PF","NYK",77,45.9,34.3,75.7,170,25.1,10,4.1,2.8,0.6,0.3
"Justin Champagnie",78,206,"Pittsburgh","USA","Undrafted","Undrafted","Undrafted","SF","BOS",5,33.3,20,0,-4,2.2,1.6,0.8,0,0.2,0
"Justin Holiday",78,180,"Washington","USA","Undrafted","Undrafted","Undrafted","SF","DAL",46,37.7,32.2,62.5,-129,4.5,1.2,0.9,0.5,0.4,0.4
"Justin Jackson",80,220,"North Carolina","USA","2017","1","15","SF","BOS",23,25.9,25,50,-71,0.9,0.7,0.4,0.1,0.2,0.2
"Justin Minaya",79,210,"Providence","USA","Undrafted","Undrafted","Undrafted","F","POR",4,30.4,25,0,-20,4.2,3.8,1,1,0.5,1.2
"Justise Winslow",78,222,"Duke","USA","2015","1","10","PF","POR",29,40.9,31.1,71.4,-38,6.8,5,3.4,1.5,1,0.4
"Kai Jones",83,221,"Texas","Bahamas","2021","1","19","PF","CHA",46,55.8,21.1,73.1,-32,3.4,2.7,0.3,0.7,0.4,0.7
"Karl-Anthony Towns",84,248,"Kentucky","USA","2015","1","1","C","MIN",29,49.5,36.6,87.4,39,20.8,8.1,4.8,3,0.7,0.6
"Kawhi Leonard",79,225,"San Diego State","USA","2011","1","15","SF","LAC",52,51.2,41.6,87.1,220,23.8,6.5,3.9,1.7,1.4,0.5
"Keegan Murray",80,225,"Iowa","USA","2022","1","4","SF","SAC",80,45.3,41.1,76.5,99,12.2,4.6,1.2,0.8,0.8,0.5
"Keita Bates-Diop",80,229,"Ohio State","USA","2018","2","48","SF","SAS",67,50.8,39.4,79.3,-266,9.7,3.7,1.5,0.8,0.7,0.3
"Keldon Johnson",77,220,"Kentucky","USA","2019","1","29","SF","SAS",63,45.2,32.9,74.9,-491,22,5,2.9,2.1,0.7,0.2
"Kelly Olynyk",83,240,"Gonzaga","Canada","2013","1","13","PF","UTA",68,49.9,39.4,85.3,14,12.5,6.2,3.7,2.5,0.9,0.5
"Kelly Oubre Jr.",78,203,"Kansas","USA","2015","1","15","SG","CHA",48,43.1,31.9,76,-278,20.2,5.2,1.1,1.3,1.4,0.4
"Kemba Walker",72,184,"Connecticut","USA","2011","1","9","PG","DAL",9,42.1,25,81,-1,8,1.8,2.1,0.4,0.2,0.2
"Kendall Brown",79,205,"Baylor","USA","2022","2","48","SG","IND",6,57.1,0,50,4,1.5,1,0.5,0.3,0.7,0
"Kendrick Nunn",75,190,"Oakland","USA","Undrafted","Undrafted","Undrafted","G","WAS",70,42.4,35.4,85.4,-54,7.1,1.6,1.3,0.9,0.4,0.1
"Kennedy Chandler",71,170,"Tennessee","USA","2022","2","38","G","MEM",36,42.2,13.3,46.2,-41,2.2,1.1,1.6,0.5,0.3,0.1
"Kenneth Lofton Jr.",78,275,"Louisiana Tech","USA","Undrafted","Undrafted","Undrafted","F","MEM",24,52.7,35.3,59.3,-48,5,2.1,0.8,0.5,0.2,0.1
"Kenrich Williams",78,210,"TCU","USA","Undrafted","Undrafted","Undrafted","SF","OKC",53,51.7,37.3,43.6,75,8,4.9,2,0.6,0.8,0.3
"Kentavious Caldwell-Pope",77,204,"Georgia","USA","2013","1","8","SG","DEN",76,46.2,42.3,82.4,493,10.8,2.7,2.4,1.1,1.5,0.5
"Keon Ellis",75,175,"Alabama","USA","Undrafted","Undrafted","Undrafted","G","SAC",16,43.8,50,57.1,-21,1.5,0.5,0.4,0.1,0.3,0.1
"Keon Johnson",75,185,"Tennessee","USA","2021","1","21","SG","POR",40,37.6,34.6,65.9,-153,4.7,1.1,1.5,1.1,0.5,0.1
"Kessler Edwards",79,203,"Pepperdine","USA","2021","2","44","SF","SAC",36,38.7,30.9,73.3,5,2.8,1.7,0.6,0.4,0.4,0.2
"Kevin Durant",82,240,"Texas","USA","2007","1","2","PF","PHX",47,56,40.4,91.9,258,29.1,6.7,5,3.3,0.7,1.4
"Kevin Huerter",79,198,"Maryland","USA","2018","1","19","SG","SAC",75,48.5,40.2,72.5,222,15.2,3.3,2.9,1.3,1.1,0.3
"Kevin Knox II",79,215,"Kentucky","USA","2018","1","9","SF","POR",63,45.8,34.9,76.7,-226,6.6,2.8,0.5,0.8,0.4,0.2
"Kevin Love",80,251,"UCLA","USA","2008","1","5","PF","MIA",62,38.9,33.4,87.9,109,8.2,6.4,1.9,1.1,0.3,0.2
"Kevin Porter Jr.",76,203,"Southern California","USA","2019","1","30","SG","HOU",59,44.2,36.6,78.4,-343,19.2,5.3,5.7,3.2,1.4,0.3
"Kevon Harris",78,216,"Stephen F. Austin","USA","Undrafted","Undrafted","Undrafted","G","ORL",34,43.9,37.2,75.6,0,4.1,2.1,0.5,0.6,0.5,0.1
"Kevon Looney",81,222,"UCLA","USA","2015","1","30","F","GSW",82,63,0,60.6,157,7,9.3,2.5,0.5,0.6,0.6
"Khem Birch",80,233,"UNLV","Canada","Undrafted","Undrafted","Undrafted","C","SAS",20,59.4,50,80,6,2.1,1.2,0.3,0.4,0.2,0.2
"Khris Middleton",79,222,"Texas A&M","USA","2012","2","39","SF","MIL",33,43.6,31.5,90.2,132,15.1,4.2,4.9,2.2,0.7,0.2
"Killian Hayes",77,195,"None","France","2020","1","7","PG","DET",76,37.7,28,82.1,-500,10.3,2.9,6.2,2.3,1.4,0.4
"Kira Lewis Jr.",73,170,"Alabama","USA","2020","1","13","PG","NOP",25,45.5,44.1,86.4,62,4.6,1.3,0.9,0.4,0.4,0.1
"Klay Thompson",78,220,"Washington State","USA","2011","1","11","SG","GSW",69,43.6,41.2,87.9,163,21.9,4.1,2.4,1.8,0.7,0.4
"Kobi Simmons",77,180,"Arizona","USA","Undrafted","Undrafted","Undrafted","G","CHA",5,16.7,20,100,-19,1,0.8,1,0.2,0,0.4
"Kris Dunn",75,205,"Providence","USA","2016","1","5","G","UTA",22,53.7,47.2,77.4,-62,13.2,4.5,5.6,1.6,1.1,0.5
"Kyle Anderson",81,230,"UCLA","USA","2014","1","30","SF","MIN",69,50.9,41,73.5,91,9.4,5.3,4.9,1.5,1.1,0.9
"Kyle Kuzma",81,221,"Utah","USA","2017","1","27","SF","WAS",64,44.8,33.3,73,10,21.2,7.2,3.7,3,0.6,0.5
"Kyle Lowry",72,196,"Villanova","USA","2006","1","24","PG","MIA",55,40.4,34.5,85.9,55,11.2,4.1,5.1,1.9,1,0.4
"Kyrie Irving",74,195,"Duke","Australia","2011","1","1","PG","DAL",60,49.4,37.9,90.5,222,27,5.1,5.5,2.1,1.1,0.8
"KZ Okpala",80,215,"Stanford","USA","2019","2","32","SF","SAC",35,42.1,33.3,87.5,-11,1.3,1,0.4,0.2,0.2,0.2
"Lamar Stevens",78,230,"Penn State","USA","Undrafted","Undrafted","Undrafted","F","CLE",62,44.8,31.6,70.2,6,5.3,3.3,0.5,0.4,0.4,0.3
"LaMelo Ball",79,180,"None","USA","2020","1","3","PG","CHA",36,41.1,37.6,84.3,-150,23.3,6.4,8.4,3.6,1.3,0.3
"Landry Shamet",76,190,"Wichita State","USA","2018","1","26","SG","PHX",40,37.7,37.7,88.2,38,8.7,1.7,2.3,0.9,0.7,0.1
"Larry Nance Jr.",80,245,"Wyoming","USA","2015","1","27","PF","NOP",65,61,33.3,69.6,185,6.8,5.4,1.8,0.6,0.9,0.6
"Lauri Markkanen",84,240,"Arizona","Finland","2017","1","7","PF","UTA",66,49.9,39.2,87.5,163,25.6,8.6,1.9,1.9,0.6,0.6
"Leandro Bolmaro",78,200,"None","Argentina","2020","1","23","F","UTA",14,15,0,0,2,0.4,0.5,0.5,0.5,0.2,0.1
"LeBron James",81,250,"None","USA","2003","1","1","SF","LAL",55,50,32.1,76.8,214,28.9,8.3,6.8,3.2,0.9,0.6
"Lester Quinones",76,208,"Memphis","USA","Undrafted","Undrafted","Undrafted","G","GSW",4,40,50,66.7,6,2.5,0.8,0.5,1.2,0.2,0
"Lindell Wigginton",73,189,"Iowa State","Canada","2019",NA,NA,"G","MIL",7,48.6,33.3,88.9,-39,7.1,1,2,1.7,0,0.3
"Lindy Waters III",78,210,"Oklahoma State","USA","Undrafted","Undrafted","Undrafted","F","OKC",41,39.3,35.8,80,136,5.2,1.8,0.7,0.2,0.3,0.3
"Lonnie Walker IV",76,204,"Miami","USA","2018","1","18","G","LAL",56,44.8,36.5,85.8,-207,11.7,1.9,1.1,0.8,0.5,0.3
"Louis King",79,205,"Oregon","USA","Undrafted","Undrafted","Undrafted","SF","PHI",1,61.5,50,0,2,20,4,2,2,1,0
"Luguentz Dort",76,220,"Arizona State","Canada","Undrafted","Undrafted","Undrafted","G","OKC",74,38.8,33,77.2,34,13.7,4.6,2.1,1.2,1,0.3
"Luka Garza",82,243,"Iowa","USA","2021","2","52","C","MIN",28,54.3,35.9,78.8,18,6.5,2.2,0.6,0.5,0.1,0.1
"Luka Samanic",82,227,"None","Croatia","2019","1","19","F","UTA",7,45.6,25.8,69.2,-6,9.9,4.3,2.1,1.4,0.9,0.3
"Luke Kennard",77,206,"Duke","USA","2017","1","12","SG","MEM",59,49.2,49.4,94.9,211,9.3,2.7,1.5,0.8,0.5,0.1
"Luke Kornet",86,250,"Vanderbilt","USA","Undrafted","Undrafted","Undrafted","C","BOS",69,66.5,23.1,82.1,61,3.8,2.9,0.8,0.4,0.2,0.7
"Mac McClung",74,185,"Texas Tech","USA","Undrafted","Undrafted","Undrafted","SG","PHI",2,45,36.4,60,18,12.5,5,4.5,1.5,0,0
"Malachi Flynn",73,175,"San Diego State","USA","2020","1","29","PG","TOR",53,36,35.3,75.8,-40,4.6,1.4,1.3,0.5,0.4,0.1
"Malaki Branham",76,180,"Ohio State","USA","2022","1","20","G","SAS",66,44,30.2,82.9,-364,10.2,2.7,1.9,1.2,0.5,0.1
"Malcolm Brogdon",76,229,"Virginia","USA","2016","2","36","PG","BOS",67,48.4,44.4,87,182,14.9,4.2,3.7,1.5,0.7,0.3
"Malcolm Hill",78,220,"Illinois","USA","Undrafted","Undrafted","Undrafted","F","CHI",5,50,33.3,0,9,1,0.6,0,0,0,0
"Malik Beasley",76,187,"Florida State","USA","2016","1","19","SG","LAL",81,39.5,35.7,76.9,-87,12.7,3.5,1.5,1.1,0.8,0.1
"Malik Monk",75,200,"Kentucky","USA","2017","1","11","SG","SAC",77,44.8,35.9,88.9,68,13.5,2.6,3.9,1.9,0.6,0.3
"Mamadi Diakite",81,228,"Virginia","Guinea","Undrafted","Undrafted","Undrafted","F","CLE",22,48,33.3,100,-9,2.6,1.4,0.4,0.5,0.2,0.4
"Marcus Morris Sr.",80,218,"Kansas","USA","2011","1","14","SF","LAC",65,42.6,36.5,78.2,-16,11.2,4,1.8,0.9,0.6,0.3
"Marcus Smart",76,220,"Oklahoma State","USA","2014","1","6","PG","BOS",61,41.5,33.6,74.6,240,11.5,3.1,6.3,2.3,1.5,0.4
"MarJon Beauchamp",79,199,"None","USA","2022","1","24","F","MIL",52,39.5,33.1,73,-99,5.1,2.2,0.7,0.9,0.4,0.1
"Mark Williams",84,240,"Duke","USA","2022","1","15","C","CHA",43,63.7,0,69.1,-79,9,7.1,0.4,0.9,0.7,1
"Markelle Fultz",76,209,"Washington","USA","2017","1","1","PG","ORL",60,51.4,31,78.3,-130,13.9,3.9,5.7,2.3,1.4,0.4
"Markieff Morris",81,245,"Kansas","USA","2011","1","13","PF","DAL",35,40.9,39.4,100,10,3.8,2,0.9,0.5,0.3,0.1
"Marko Simonovic",84,220,"None","Montenegro","2020","2","44","C","CHI",7,28.6,25,50,15,0.9,0.3,0,0,0,0
"Marvin Bagley III",82,235,"Duke","USA","2018","1","2","PF","DET",42,52.9,28.8,75,-229,12,6.4,0.9,1.1,0.5,0.7
"Mason Plumlee",84,254,"Duke","USA","2013","1","22","C","LAC",79,68,0,63.6,-269,10.8,8.9,3.1,1.5,0.6,0.6
"Matisse Thybulle",77,201,"Washington","USA","2019","1","20","SG","POR",71,43.5,36.5,67.9,-14,4.1,2,0.7,0.3,1.2,0.5
"Matt Ryan",78,215,"Tennessee-Chattanooga","USA","Undrafted","Undrafted","Undrafted","F","MIN",34,37,38.1,83.3,21,3.6,0.8,0.5,0.2,0.1,0
"Matthew Dellavedova",75,200,"Saint Mary's","Australia","Undrafted","Undrafted","Undrafted","PG","SAC",32,34,33.3,57.1,-51,1.5,0.4,1.3,0.3,0.2,0
"Max Christie",77,190,"Michigan State","USA","2022","2","35","G","LAL",41,41.5,41.9,87.5,-77,3.1,1.8,0.5,0.3,0.2,0.2
"Max Strus",77,215,"DePaul","USA","Undrafted","Undrafted","Undrafted","SG","MIA",80,41,35,87.6,-145,11.5,3.2,2.1,0.9,0.5,0.1
"Maxi Kleber",82,240,"None","Germany","Undrafted","Undrafted","Undrafted","PF","DAL",37,45.6,34.8,71.1,-43,5.9,3.6,1.4,0.7,0.3,0.8
"McKinley Wright IV",71,192,"Colorado","USA","Undrafted","Undrafted","Undrafted","PG","DAL",27,46.9,32.1,68.4,-110,4.2,1.7,2.1,0.7,0.3,0.2
"Meyers Leonard",84,260,"Illinois","USA","2012","1","11","C","MIL",9,48.3,38.9,88.9,-27,4.8,3.8,0.1,0.7,0.2,0
"Mfiondu Kabengele",82,250,"Florida State","Canada","2019","1","27","C","BOS",4,28.6,0,100,-5,1.5,2.5,0,0.2,0.5,0
"Micah Potter",80,248,"Wisconsin","USA","Undrafted","Undrafted","Undrafted","C","UTA",7,66.7,57.1,0,-3,3.4,2.3,0.6,0.3,0.1,0
"Michael Carter-Williams",77,190,"Syracuse","USA","2013","1","11","G","ORL",4,42.9,33.3,57.1,-26,4.2,1.2,1.8,1,0.2,0.2
"Michael Foster Jr.",80,250,"None","USA","Undrafted","Undrafted","Undrafted","N/A","PHI",1,0,0,0,-2,0,0,0,0,0,0
"Michael Porter Jr.",82,218,"Missouri","USA","2018","1","14","SF","DEN",62,48.7,41.4,80,418,17.4,5.5,1,1.1,0.6,0.5
"Mikal Bridges",78,209,"Villanova","USA","2018","1","10","SF","BKN",83,46.8,38.2,89.5,36,20.1,4.4,3.3,1.5,1.1,0.7
"Mike Conley",73,175,"Ohio State","USA","2007","1","4","PG","MIN",67,42.8,38.5,83.4,60,11.9,2.7,6.7,1.5,1.1,0.2
"Mike Muscala",83,240,"Bucknell","USA","2013","2","44","C","BOS",63,44.9,39.1,76.9,204,6.1,3.2,0.8,0.4,0.2,0.4
"Miles McBride",74,195,"West Virginia","USA","2021","2","36","PG","NYK",64,35.8,29.9,66.7,53,3.5,0.8,1.1,0.4,0.6,0.1
"Mitchell Robinson",84,240,"Western Kentucky","USA","2018","2","36","C","NYK",59,67.1,0,48.4,185,7.4,9.4,0.9,0.7,0.9,1.8
"Mo Bamba",84,231,"Texas","USA","2018","1","6","C","LAL",49,48.5,38.7,66.1,8,6.6,4.6,0.9,0.6,0.3,0.9
"Montrezl Harrell",79,240,"Louisville","USA","2015","2","32","C","PHI",57,59.8,0,69.3,19,5.6,2.8,0.6,0.6,0.3,0.4
"Moritz Wagner",83,245,"Michigan","Germany","2018","1","25","C","ORL",57,50,31.3,84.1,-27,10.5,4.5,1.5,1.2,0.6,0.2
"Moses Brown",86,245,"UCLA","USA","Undrafted","Undrafted","Undrafted","C","BKN",36,63.5,0,45.8,27,4.3,3.9,0.1,0.4,0.1,0.4
"Moses Moody",77,211,"Arkansas","USA","2021","1","14","SG","GSW",63,47.6,36.3,69.8,-7,4.8,1.7,0.8,0.5,0.3,0.1
"Myles Turner",83,250,"Texas","USA","2015","1","11","C","IND",62,54.8,37.3,78.3,-47,18,7.5,1.4,1.7,0.6,2.3
"Naji Marshall",79,220,"Xavier","USA","Undrafted","Undrafted","Undrafted","SF","NOP",77,43.3,30.3,78.9,6,9.1,3.6,2.5,1.3,0.7,0.2
"Nassir Little",77,220,"North Carolina","USA","2019","1","25","SF","POR",54,44.2,36.7,71.7,-190,6.6,2.6,0.9,0.7,0.4,0.4
"Nathan Knight",80,253,"William & Mary","USA","Undrafted","Undrafted","Undrafted","F","MIN",38,56.8,36.4,68.4,-9,3.7,1.5,0.3,0.6,0.3,0.2
"Naz Reid",81,264,"Louisiana State","USA","Undrafted","Undrafted","Undrafted","C","MIN",68,53.7,34.6,67.7,-128,11.5,4.9,1.1,1.4,0.6,0.8
"Neemias Queta",84,248,"Utah State","Portugal","2021","2","39","C","SAC",5,66.7,0,0,-30,2.4,2.2,0.2,0.2,0,0.4
"Nerlens Noel",82,220,"Kentucky","USA","2013","1","6","C","BKN",17,36.1,50,66.7,-75,2.1,2.7,0.6,0.8,0.9,0.6
"Nic Claxton",83,215,"Georgia","USA","2019","2","31","C","BKN",76,70.5,0,54.1,119,12.6,9.2,1.9,1.3,0.9,2.5
"Nick Richards",84,245,"Kentucky","Jamaica","2020","2","42","C","CHA",65,62.9,100,74.9,-113,8.2,6.4,0.6,0.9,0.2,1.1
"Nickeil Alexander-Walker",77,205,"Virginia Tech","Canada","2019","1","17","SG","MIN",59,44.4,38.4,66.7,-51,6.2,1.7,1.8,0.9,0.5,0.4
"Nicolas Batum",80,230,"None","France","2008","1","25","PF","LAC",78,42,39.1,70.8,165,6.1,3.8,1.6,0.6,0.7,0.6
"Noah Vonleh",82,257,"Indiana","USA","2014","1","9","PF","BOS",23,45.8,25,100,-13,1.1,2.1,0.3,0.5,0.1,0.3
"Norman Powell",76,215,"UCLA","USA","2015","2","46","G","LAC",60,47.9,39.7,81.2,-124,17,2.9,1.8,1.7,0.8,0.3
"Obi Toppin",81,220,"Dayton","USA","2020","1","8","PF","NYK",67,44.6,34.4,80.9,57,7.4,2.8,1,0.6,0.3,0.2
"Ochai Agbaji",77,215,"Kansas","USA","2022","1","14","G","UTA",59,42.7,35.5,81.2,-19,7.9,2.1,1.1,0.7,0.3,0.3
"Olivier Sarr",83,240,"Kentucky","France","Undrafted","Undrafted","Undrafted","C","OKC",9,50,12.5,71.4,14,4,3.4,0.4,0.4,0.1,0.6
"Omer Yurtseven",83,275,"Georgetown","Turkey","Undrafted","Undrafted","Undrafted","C","MIA",9,59.3,42.9,83.3,10,4.4,2.6,0.2,0.4,0.2,0.2
"Onyeka Okongwu",81,240,"Southern California","USA","2020","1","6","PF","ATL",80,63.8,30.8,78.1,63,9.9,7.2,1,1,0.7,1.3
"Orlando Robinson",82,235,"Fresno State","USA","Undrafted","Undrafted","Undrafted","C","MIA",31,52.8,0,71,27,3.7,4.1,0.8,0.5,0.4,0.4
"Oshae Brissett",79,210,"Syracuse","Canada","Undrafted","Undrafted","Undrafted","SF","IND",65,38.6,31,71.7,22,6.1,3.4,0.7,0.5,0.5,0.2
"Otto Porter Jr.",80,198,"Georgetown","USA","2013","1","3","SF","TOR",8,50,35.3,100,-21,5.5,2.4,1,0.5,1.4,0
"Ousmane Dieng",81,185,"None","France","2022","1","11","F","OKC",39,42,26.5,65.2,39,4.9,2.7,1.2,0.7,0.4,0.2
"P.J. Tucker",77,245,"Texas","USA","2006","2","35","PF","PHI",75,42.7,39.3,82.6,135,3.5,3.9,0.8,0.6,0.5,0.2
"P.J. Washington",79,230,"Kentucky","USA","2019","1","12","PF","CHA",73,44.4,34.8,73,-375,15.7,4.9,2.4,1.5,0.9,1.1
"Paolo Banchero",82,250,"Duke","USA","2022","1","1","PF","ORL",72,42.7,29.8,73.8,-215,20,6.9,3.7,2.8,0.8,0.5
"Pascal Siakam",80,230,"New Mexico State","Cameroon","2016","1","27","PF","TOR",71,48,32.4,77.4,123,24.2,7.8,5.8,2.4,0.9,0.5
"Pat Connaughton",77,209,"Notre Dame","USA","2015","2","41","SG","MIL",61,39.2,33.9,65.9,134,7.6,4.6,1.3,0.5,0.6,0.2
"Patrick Baldwin Jr.",81,220,"Wisconsin-Milwaukee","USA","2022","1","28","F","GSW",31,39.4,38.1,66.7,-51,3.9,1.3,0.4,0.4,0.2,0.1
"Patrick Beverley",74,180,"Arkansas","USA","2009","2","42","PG","CHI",67,40,33.5,72.3,-80,6.2,3.7,2.9,0.9,0.9,0.6
"Patrick Williams",79,215,"Florida State","USA","2020","1","4","PF","CHI",82,46.4,41.5,85.7,-142,10.2,4,1.2,1.2,0.9,0.9
"Patty Mills",72,180,"St. Mary's","Australia","2009","2","55","PG","BKN",40,41.1,36.6,83.3,-66,6.2,1.1,1.4,0.8,0.4,0.1
"Paul George",80,220,"Fresno State","USA","2010","1","10","F","LAC",56,45.7,37.1,87.1,157,23.8,6.1,5.1,3.1,1.5,0.4
"Paul Reed",81,210,"DePaul","USA","2020","2","58","SF","PHI",69,59.3,16.7,74.5,-17,4.2,3.8,0.4,0.7,0.7,0.7
"Payton Pritchard",73,195,"Oregon","USA","2020","1","26","PG","BOS",48,41.2,36.4,75,12,5.6,1.8,1.3,0.8,0.3,0
"Peyton Watson",79,200,"UCLA","USA","2022","1","30","F","DEN",23,49.2,42.9,55,-47,3.3,1.6,0.5,0.3,0.1,0.5
"PJ Dozier",78,205,"South Carolina","USA","Undrafted","Undrafted","Undrafted","G","SAC",16,30.3,12.5,0,-23,1.4,0.9,0.6,0.3,0.4,0.1
"Precious Achiuwa",80,225,"Memphis","Nigeria","2020","1","20","PF","TOR",55,48.5,26.9,70.2,-37,9.2,6,0.9,1.1,0.6,0.5
"Quentin Grimes",77,210,"Houston","USA","2021","1","25","SG","NYK",71,46.8,38.6,79.6,186,11.3,3.2,2.1,1,0.7,0.4
"Quenton Jackson",77,173,"Texas A&M","USA","Undrafted","Undrafted","Undrafted","G","WAS",9,45.2,8.3,77.3,-17,6.2,0.9,1.7,0.4,0.4,0.1
"R.J. Hampton",76,175,"None","USA","2020","1","24","PG","DET",47,43,35.3,75,-140,6.4,1.9,1.1,0.9,0.6,0.2
"RaiQuan Gray",79,269,"Florida State","USA","2021","2","59","F","BKN",1,50,40,100,-14,16,9,7,4,0,1
"Raul Neto",74,180,"None","Brazil","2013","2","47","PG","CLE",48,51.8,28.6,91.2,11,3.3,1,1.6,0.5,0.4,0.1
"Reggie Jackson",74,208,"Boston College","USA","2011","1","24","PG","DEN",68,41.1,33.3,91,-79,10.2,2.1,3.4,1.7,0.7,0.1
"Richaun Holmes",80,235,"Bowling Green","USA","2015","2","37","F","SAC",42,61.8,62.5,78.9,-69,3.1,1.9,0.2,0.3,0.1,0.3
"Ricky Rubio",74,190,"None","Spain","2009","1","5","PG","CLE",33,34.3,25.6,80,45,5.2,2.1,3.5,0.9,0.8,0.2
"RJ Barrett",78,214,"Duke","Canada","2019","1","3","SG","NYK",73,43.4,31,74,-62,19.6,5,2.8,2.2,0.4,0.2
"Robert Covington",79,209,"Tennessee State","USA","Undrafted","Undrafted","Undrafted","PF","LAC",48,44.5,39.7,75,-7,6,3.5,1.2,0.7,0.8,0.7
"Robert Williams III",81,237,"Texas A&M","USA","2018","1","27","C","BOS",35,74.7,0,61,173,8,8.3,1.4,1,0.6,1.4
"Robin Lopez",84,281,"Stanford","USA","2008","1","15","C","CLE",37,64,50,77.8,-58,3,1.4,0.5,0.7,0.1,0.2
"Rodney McGruder",76,205,"Kansas State","USA","Undrafted","Undrafted","Undrafted","G","DET",32,40.8,42.3,81.8,-44,5.7,2.3,0.9,0.3,0.5,0
"Romeo Langford",77,216,"Indiana","USA","2019","1","14","SG","SAS",43,46.7,26.2,69.6,-180,6.9,2.7,1.2,0.7,0.6,0.3
"Ron Harper Jr.",77,245,"Rutgers","USA","Undrafted","Undrafted","Undrafted","F","TOR",9,50,33.3,100,19,2.2,0.8,0.4,0,0,0.1
"Royce O'Neale",78,226,"Baylor","USA","Undrafted","Undrafted","Undrafted","PF","BKN",76,38.6,38.9,72.5,78,8.8,5.1,3.7,1.5,0.9,0.6
"Rudy Gay",80,250,"Connecticut","USA","2006","1","8","SF","UTA",56,37.8,25.2,85.7,57,5.2,2.9,1,0.7,0.3,0.3
"Rudy Gobert",85,258,"None","France","2013","1","27","C","MIN",70,65.9,0,64.4,-7,13.4,11.6,1.2,1.7,0.8,1.4
"Rui Hachimura",80,230,"Gonzaga","Japan","2019","1","9","PF","LAL",63,48.6,31.9,73.9,-28,11.2,4.5,0.9,0.8,0.3,0.4
"Russell Westbrook",75,200,"UCLA","USA","2008","1","4","PG","LAC",73,43.6,31.1,65.6,-21,15.9,5.8,7.5,3.5,1,0.5
"Ryan Arcidiacono",75,195,"Villanova","USA","Undrafted","Undrafted","Undrafted","G","POR",20,24.3,34.8,0,-40,1.3,0.8,1.1,0.3,0.2,0
"Ryan Rollins",75,180,"Toledo","USA","2022","2","44","G","GSW",12,35,33.3,100,-47,1.9,1,0.5,1.3,0.1,0.1
"Saben Lee",74,183,"Vanderbilt","USA","2020","2","38","G","PHX",25,40.5,36.7,73.7,-30,6,1.8,2.7,1,0.8,0
"Saddiq Bey",79,215,"Villanova","USA","2020","1","19","SF","ATL",77,42.2,36.1,86.1,-147,13.8,4.7,1.5,0.9,0.9,0.2
"Sam Hauser",79,217,"Virginia","USA","Undrafted","Undrafted","Undrafted","SF","BOS",80,45.5,41.8,70.6,219,6.4,2.5,0.9,0.4,0.4,0.3
"Sam Merrill",76,205,"Utah State","USA","2020","2","60","SG","CLE",5,40.9,27.8,100,-5,5,1.8,1,0,0.8,0
"Sandro Mamukelashvili",82,240,"Seton Hall","Georgia","2021","2","54","PF","SAS",43,42.2,30.3,68.4,-114,6.1,4.3,1.4,0.8,0.3,0.3
"Santi Aldama",84,215,"Loyola-Maryland","Spain","2021","1","30","PF","MEM",77,47,35.3,75,91,9,4.8,1.3,0.8,0.6,0.6
"Scottie Barnes",80,225,"Florida State","USA","2021","1","4","SF","TOR",77,45.6,28.1,77.2,175,15.3,6.6,4.8,2,1.1,0.8
"Scotty Pippen Jr.",73,170,"Vanderbilt","USA","Undrafted","Undrafted","Undrafted","G","LAL",6,33.3,33.3,55.6,-1,2.3,0.7,0.3,0.3,0.3,0.2
"Serge Ibaka",83,235,"None","Democratic Republic of the Congo","2008","1","24","F","MIL",16,48.1,33.3,61.5,-25,4.1,2.8,0.2,0.7,0.1,0.4
"Seth Curry",73,185,"Duke","USA","Undrafted","Undrafted","Undrafted","SG","BKN",61,46.3,40.5,92.7,-69,9.2,1.6,1.6,0.8,0.6,0.1
"Shaedon Sharpe",77,200,"Kentucky","Canada","2022","1","7","SG","POR",80,47.2,36,71.4,-297,9.9,3,1.2,1,0.5,0.3
"Shai Gilgeous-Alexander",78,195,"Kentucky","Canada","2018","1","11","PG","OKC",68,51,34.5,90.5,149,31.4,4.8,5.5,2.8,1.6,1
"Shake Milton",77,205,"Southern Methodist","USA","2018","2","54","SG","PHI",76,47.9,37.8,85.3,144,8.4,2.5,3.2,1.2,0.3,0.2
"Shaquille Harrison",76,195,"Tulsa","USA","Undrafted","Undrafted","Undrafted","G","LAL",5,41.7,30,73.3,-1,8.8,4.4,6,1.2,2.2,0.4
"Simone Fontecchio",79,209,"None","Italy","Undrafted","Undrafted","Undrafted","F","UTA",52,36.9,33,79.5,-205,6.3,1.7,0.8,0.8,0.3,0.2
"Skylar Mays",76,205,"Louisiana State","USA","2020","2","50","SG","POR",6,50,46.2,92.3,-74,15.3,3.2,8.3,1.7,1,0.2
"Spencer Dinwiddie",77,215,"Colorado","USA","2014","2","38","PG","BKN",79,43.8,36.9,81.2,-8,17.3,3.4,6.5,1.8,0.8,0.3
"Stanley Johnson",78,242,"Arizona","USA","2015","1","8","SF","SAS",30,53.3,45,66.7,-92,5.8,3.2,2.2,1.1,0.5,0.2
"Stanley Umude",78,210,"Arkansas","USA","Undrafted","Undrafted","Undrafted","G","DET",1,0,0,100,3,2,0,0,0,1,1
"Stephen Curry",74,185,"Davidson","USA","2009","1","7","PG","GSW",56,49.3,42.7,91.5,268,29.4,6.1,6.3,3.2,0.9,0.4
"Sterling Brown",77,219,"Southern Methodist","USA","2017","2","46","N/A","LAL",4,0,0,0,-4,0,2,0.5,0,0.8,0
"Steven Adams",83,265,"Pittsburgh","New Zealand","2013","1","12","C","MEM",42,59.7,0,36.4,243,8.6,11.5,2.3,1.9,0.9,1.1
"Svi Mykhailiuk",79,205,"Kansas","Ukraine","2018","2","47","SG","CHA",32,44.5,42.4,66.7,20,6.9,1.7,1.7,0.8,0.5,0.1
"T.J. McConnell",73,190,"Arizona","USA","2015","0",NA,"PG","IND",75,54.3,44.1,85.3,-62,8.7,3.1,5.3,1.9,1.1,0.1
"T.J. Warren",80,220,"North Carolina State","USA","2014","1","14","SF","PHX",42,48.9,32.8,80,55,7.5,2.9,1,0.5,0.5,0.3
"Taj Gibson",81,232,"Southern California","USA","2009","1","26","F","WAS",49,52,33.3,71.4,-4,3.4,1.9,0.7,0.5,0.3,0.2
"Talen Horton-Tucker",76,234,"Iowa State","USA","2019","2","46","SG","UTA",65,41.9,28.6,75,-8,10.7,3.2,3.8,1.9,0.6,0.4
"Tari Eason",80,215,"Louisiana State","USA","2022","1","17","F","HOU",82,44.8,34.3,75.2,-157,9.3,6,1.1,1.2,1.2,0.6
"Taurean Prince",78,218,"Baylor","USA","2016","1","12","PF","MIN",54,46.7,38.1,84.4,0,9.1,2.4,1.6,1.3,0.5,0.3
"Terance Mann",77,215,"Florida State","USA","2019","2","48","SG","LAC",81,51.9,38.9,78,2,8.8,3.4,2.3,1,0.5,0.3
"Terence Davis",76,201,"Mississippi","USA","Undrafted","Undrafted","Undrafted","SG","SAC",64,42.3,36.6,79.1,47,6.7,2.2,1,0.8,0.7,0.2
"Terrence Ross",79,206,"Washington","USA","2012","1","8","G","PHX",63,43,36.8,79.4,-76,8.3,2.4,1.5,0.7,0.6,0.2
"Terry Rozier",73,190,"Louisville","USA","2015","1","16","SG","CHA",63,41.5,32.7,80.9,-288,21.1,4.1,5.1,2.1,1.2,0.3
"Terry Taylor",76,230,"Austin Peay","USA","Undrafted","Undrafted","Undrafted","F","CHI",31,52,26.3,54.5,18,2.9,1.5,0.3,0.3,0.1,0.2
"Thaddeus Young",80,235,"Georgia Tech","USA","2007","1","12","PF","TOR",54,54.5,17.6,69.2,-92,4.4,3.1,1.4,0.8,1,0.1
"Thanasis Antetokounmpo",79,219,"None","Greece","2014","2","51","SF","MIL",37,43.5,0,50,-114,1.4,1.2,0.4,0.3,0.1,0.1
"Theo Maledon",77,175,"None","France","2020","2","34","PG","CHA",44,40.2,29.5,85.1,-147,6.7,2.8,3.5,1.3,0.8,0.3
"Theo Pinson",79,212,"North Carolina","USA","Undrafted","Undrafted","Undrafted","G","DAL",40,35.6,35.5,84.6,-50,2.4,1.6,1.1,0.3,0.1,0
"Thomas Bryant",82,248,"Indiana","USA","2017","2","42","C","DEN",59,62.3,44.1,73.8,-93,9.8,5.7,0.5,0.6,0.3,0.5
"Tim Hardaway Jr.",77,205,"Michigan","USA","2013","1","24","SF","DAL",71,40.1,38.5,77,160,14.4,3.5,1.8,0.8,0.7,0.2
"Tobias Harris",79,226,"Tennessee","USA","2011","1","19","PF","PHI",74,50.1,38.9,87.6,296,14.7,5.7,2.5,1.2,0.9,0.5
"Tony Bradley",83,248,"North Carolina","USA","2017","1","28","C","CHI",12,50,60,100,11,1.6,0.9,0.1,0.1,0.1,0.1
"Torrey Craig",79,221,"South Carolina Upstate","USA","Undrafted","Undrafted","Undrafted","SF","PHX",79,45.6,39.5,71.1,-177,7.4,5.4,1.5,0.9,0.6,0.8
"Trae Young",73,164,"Oklahoma","USA","2018","1","5","PG","ATL",73,42.9,33.5,88.6,100,26.2,3,10.2,4.1,1.1,0.1
"Tre Jones",73,185,"Duke","USA","2020","2","41","PG","SAS",68,45.9,28.5,86,-325,12.9,3.6,6.6,1.6,1.3,0.1
"Tre Mann",75,178,"Florida","USA","2021","1","18","PG","OKC",67,39.3,31.5,76.4,57,7.7,2.3,1.8,0.9,0.6,0.2
"Trendon Watford",80,237,"Louisiana State","USA","Undrafted","Undrafted","Undrafted","PF","POR",62,56,39.1,72,-181,7.4,3.8,2.1,1.1,0.5,0.2
"Trent Forrest",76,210,"Florida State","USA","Undrafted","Undrafted","Undrafted","G","ATL",23,41.7,0,66.7,-58,2.3,1.6,1.7,0.7,0.3,0.1
"Trevelin Queen",78,190,"New Mexico State","USA","Undrafted","Undrafted","Undrafted","SG","IND",7,24.1,13.3,100,14,3,2.4,0.9,1,0.3,0.7
"Trevor Hudgins",72,180,"Northwest Missouri St.","USA","Undrafted","Undrafted","Undrafted","G","HOU",5,22.2,25,100,3,1.8,0,0.6,0.2,0,0
"Trevor Keels",76,221,"Duke","USA","2022","2","42","G","NYK",3,25,25,0,-18,1,0.7,0,0,0,0
"Trey Lyles",81,234,"Kentucky","Canada","2015","1","12","PF","SAC",74,45.8,36.3,81.5,105,7.6,4.1,0.9,0.9,0.4,0.4
"Trey Murphy III",80,206,"Virginia","USA","2021","1","17","SG","NOP",79,48.4,40.6,90.5,38,14.5,3.6,1.4,0.8,1.1,0.5
"Troy Brown Jr.",79,215,"Oregon","USA","2018","1","15","SF","LAL",76,43,38.1,87.2,-15,7.1,4.1,1.2,0.6,0.8,0.2
"Ty Jerome",77,195,"Virginia","USA","2019","1","24","SG","GSW",45,48.8,38.9,92.7,-92,6.9,1.7,3,0.7,0.5,0.1
"Tyler Dorsey",76,180,"Oregon","USA","2017","2","41","G","DAL",3,80,50,0,2,3,0.7,0,0,0,0
"Tyler Herro",77,195,"Kentucky","USA","2019","1","13","PG","MIA",67,43.9,37.8,93.4,170,20.1,5.4,4.2,2.4,0.8,0.2
"Tyrese Haliburton",77,185,"Iowa State","USA","2020","1","12","PG","IND",56,49,40,87.1,-35,20.7,3.7,10.4,2.5,1.6,0.4
"Tyrese Martin",78,215,"Connecticut","USA","2022","2","51","G","ATL",16,39.1,14.3,100,1,1.3,0.8,0.1,0.1,0.1,0
"Tyrese Maxey",74,200,"Kentucky","USA","2020","1","21","PG","PHI",60,48.1,43.4,84.5,241,20.3,2.9,3.5,1.3,0.8,0.1
"TyTy Washington Jr.",75,195,"Kentucky","USA","2022","1","29","G","HOU",31,36.3,23.8,55.6,-47,4.7,1.5,1.5,0.5,0.5,0.1
"Tyus Jones",74,196,"Duke","USA","2015","1","24","PG","MEM",80,43.8,37.1,80.6,95,10.3,2.5,5.2,0.9,1,0.1
"Udoka Azubuike",83,270,"Kansas","Nigeria","2020","1","27","C","UTA",36,81.9,0,35,-83,3.5,3.3,0.3,0.5,0.2,0.4
"Udonis Haslem",79,235,"Florida","USA","Undrafted","Undrafted","Undrafted","PF","MIA",7,34.5,33.3,80,-25,3.9,1.6,0,0.1,0.1,0.3
"Usman Garuba",80,229,"None","Spain","2021","1","23","PF","HOU",75,48.6,40.7,61.7,-253,3,4.1,0.9,0.6,0.6,0.4
"Vernon Carey Jr.",82,270,"Duke","USA","2020","2","32","C","UTA",11,25,0,100,-10,0.5,1,0.3,0.2,0.2,0.2
"Victor Oladipo",75,213,"Indiana","USA","2013","1","2","SG","MIA",42,39.7,33,74.7,-35,10.7,3,3.5,2.1,1.4,0.3
"Vince Williams Jr.",76,205,"Virginia Commonwealth","USA","2022","2","47","G","MEM",15,30,14.3,100,-34,2,1,0.3,0.3,0.4,0.1
"Walker Kessler",84,245,"Auburn","USA","2022","1","22","C","UTA",74,72,33.3,51.6,72,9.2,8.4,0.9,0.8,0.4,2.3
"Wendell Carter Jr.",82,270,"Duke","USA","2018","1","7","C","ORL",57,52.5,35.6,73.8,-41,15.2,8.7,2.3,1.9,0.5,0.6
"Wendell Moore Jr.",77,215,"Duke","USA","2022","1","26","G","MIN",29,41.9,11.8,80,-53,1.4,0.6,0.6,0.3,0.3,0.2
"Wenyen Gabriel",81,205,"Kentucky","South Sudan","Undrafted","Undrafted","Undrafted","F","LAL",68,59.6,27.8,61.9,-32,5.5,4.2,0.5,0.7,0.4,0.5
"Wesley Matthews",77,220,"Marquette","USA","Undrafted","Undrafted","Undrafted","SG","MIL",52,36.3,31.5,85.7,53,3.4,2.2,0.7,0.3,0.4,0.2
"Will Barton",77,181,"Memphis","USA","2012","2","40","G","TOR",56,37.9,36.7,78.7,-168,6.8,2.4,2,0.9,0.5,0.2
"Willy Hernangomez",83,250,"None","Spain","2015","2","35","C","NOP",38,52.7,27.3,77.9,19,6.9,4.7,0.9,1,0.4,0.3
"Xavier Cooks",80,183,"Winthrop","Australia","Undrafted","Undrafted","Undrafted","G","WAS",10,60.7,0,40,19,3.8,3.8,0.6,0.8,0.6,0.4
"Xavier Moon",72,165,"Morehead State","USA","Undrafted","Undrafted","Undrafted","PG","LAC",4,33.3,33.3,0,3,1.8,0.8,1.2,0.2,0,0
"Xavier Sneed",77,215,"Kansas State","USA","Undrafted","Undrafted","Undrafted","F","CHA",4,50,50,100,-28,4.2,1.2,1.2,0.8,0,0.2
"Xavier Tillman",79,245,"Michigan State","USA","2020","2","35","F","MEM",61,61.4,26.7,55.1,-1,7,5,1.6,0.7,1,0.5
"Yuta Watanabe",80,215,"George Washington","Japan","Undrafted","Undrafted","Undrafted","SF","BKN",58,49.1,44.4,72.3,-7,5.6,2.4,0.8,0.4,0.4,0.3
"Zach Collins",83,250,"Gonzaga","USA","2017","1","10","PF","SAS",63,51.8,37.4,76.1,-239,11.6,6.4,2.9,2,0.6,0.8
"Zach LaVine",77,200,"UCLA","USA","2014","1","13","SG","CHI",77,48.5,37.5,84.8,18,24.8,4.5,4.2,2.5,0.9,0.2
"Zeke Nnaji",81,240,"Arizona","USA","2020","1","22","PF","DEN",53,56.1,26.2,64.5,-97,5.2,2.6,0.3,0.6,0.3,0.4
"Ziaire Williams",81,185,"Stanford","USA","2021","1","10","F","MEM",37,42.9,25.8,77.3,-76,5.7,2.1,0.9,1,0.4,0.2
"Zion Williamson",78,284,"Duke","USA","2019","1","1","PF","NOP",29,60.8,36.8,71.4,149,26,7,4.6,3.4,1.1,0.6
