"PName","POS","Team","GP","FG%","3P%","FT%","+/-","PPG","RPG","APG","TPG","SPG","BPG"
"Jayson Tatum","SF","BOS",74,46.6,35,85.4,470,30.1,8.8,4.6,2.9,1.1,0.7
"Joel Embiid","C","PHI",66,54.8,33,85.7,424,33.1,10.2,4.2,3.4,1,1.7
"Luka Doncic","PG","DAL",66,49.6,34.2,74.2,128,32.4,8.6,8,3.6,1.4,0.5
"Shai Gilgeous-Alexander","PG","OKC",68,51,34.5,90.5,149,31.4,4.8,5.5,2.8,1.6,1
"Giannis Antetokounmpo","PF","MIL",63,55.3,27.5,64.5,341,31.1,11.8,5.7,3.9,0.8,0.8
"Anthony Edwards","SG","MIN",79,45.9,36.9,75.6,97,24.6,5.8,4.4,3.3,1.6,0.7
"Julius Randle","PF","NYK",77,45.9,34.3,75.7,170,25.1,10,4.1,2.8,0.6,0.3
"Donovan Mitchell","SG","CLE",68,48.4,38.6,86.7,338,28.3,4.2,4.4,2.6,1.5,0.4
"Trae Young","PG","ATL",73,42.9,33.5,88.6,100,26.2,3,10.2,4.1,1.1,0.1
"Zach LaVine","SG","CHI",77,48.5,37.5,84.8,18,24.8,4.5,4.2,2.5,0.9,0.2
"Damian Lillard","PG","POR",58,46.3,37.1,91.4,105,32.2,4.8,7.3,3.3,0.9,0.3
"De'Aaron Fox","PG","SAC",73,51.2,32.4,78,176,25,4.2,6.1,2.5,1.1,0.3
"DeMar DeRozan","SF","CHI",74,50.4,32.4,87.2,67,24.5,4.6,5.1,2.1,1.1,0.5
"Jaylen Brown","SG","BOS",67,49.1,33.5,76.5,256,26.6,6.9,3.5,2.9,1.1,0.4
"Pascal Siakam","PF","TOR",71,48,32.4,77.4,123,24.2,7.8,5.8,2.4,0.9,0.5
"Lauri Markkanen","PF","UTA",66,49.9,39.2,87.5,163,25.6,8.6,1.9,1.9,0.6,0.6
"Nikola Jokic","C","DEN",69,63.2,38.3,82.2,640,24.5,11.8,9.8,3.6,1.3,0.7
"Jalen Green","SG","HOU",76,41.6,33.8,78.6,-447,22.1,3.7,3.7,2.6,0.8,0.2
"Jordan Poole","SG","GSW",82,43,33.6,87,-11,20.4,2.7,4.5,3.1,0.8,0.3
"Mikal Bridges","SF","BKN",83,46.8,38.2,89.5,36,20.1,4.4,3.3,1.5,1.1,0.7
"Stephen Curry","PG","GSW",56,49.3,42.7,91.5,268,29.4,6.1,6.3,3.2,0.9,0.4
"Jalen Brunson","PG","NYK",68,49.1,41.6,82.9,152,24,3.5,6.2,2.1,0.9,0.2
"Kyrie Irving","PG","DAL",60,49.4,37.9,90.5,222,27,5.1,5.5,2.1,1.1,0.8
"Ja Morant","PG","MEM",61,46.6,30.7,74.8,302,26.2,5.9,8.1,3.4,1.1,0.3
"LeBron James","SF","LAL",55,50,32.1,76.8,214,28.9,8.3,6.8,3.2,0.9,0.6
"CJ McCollum","SG","NOP",75,43.7,38.9,76.9,59,20.9,4.4,5.7,2.4,0.9,0.5
"Bam Adebayo","C","MIA",75,54,8.3,80.6,117,20.4,9.2,3.2,2.5,1.2,0.8
"Dejounte Murray","SG","ATL",74,46.4,34.4,83.2,-62,20.5,5.3,6.1,2.2,1.5,0.3
"Domantas Sabonis","PF","SAC",79,61.5,37.3,74.2,212,19.1,12.3,7.3,2.9,0.8,0.5
"Klay Thompson","SG","GSW",69,43.6,41.2,87.9,163,21.9,4.1,2.4,1.8,0.7,0.4
"Kristaps Porzingis","C","WAS",65,49.8,38.5,85.1,80,23.2,8.4,2.7,2.1,0.9,1.5
"Darius Garland","PG","CLE",69,46.2,41,86.3,438,21.6,2.7,7.8,2.9,1.2,0.1
"Franz Wagner","SF","ORL",80,48.5,36.1,84.2,50,18.6,4.1,3.5,2.1,1,0.2
"Devin Booker","SG","PHX",53,49.4,35.1,85.5,247,27.8,4.5,5.5,2.7,1,0.3
"Jimmy Butler","SF","MIA",64,53.9,35,85,47,22.9,5.9,5.3,1.6,1.8,0.3
"Anthony Davis","PF","LAL",56,56.3,25.7,78.4,205,25.9,12.5,2.6,2.2,1.1,2
"Nikola Vucevic","C","CHI",82,52,34.9,83.5,-20,17.6,11,3.2,1.7,0.7,0.7
"Paolo Banchero","PF","ORL",72,42.7,29.8,73.8,-215,20,6.9,3.7,2.8,0.8,0.5
"RJ Barrett","SG","NYK",73,43.4,31,74,-62,19.6,5,2.8,2.2,0.4,0.2
"Keldon Johnson","SF","SAS",63,45.2,32.9,74.9,-491,22,5,2.9,2.1,0.7,0.2
"Spencer Dinwiddie","PG","BKN",79,43.8,36.9,81.2,-8,17.3,3.4,6.5,1.8,0.8,0.3
"Kevin Durant","PF","PHX",47,56,40.4,91.9,258,29.1,6.7,5,3.3,0.7,1.4
"Kyle Kuzma","SF","WAS",64,44.8,33.3,73,10,21.2,7.2,3.7,3,0.6,0.5
"Tyler Herro","PG","MIA",67,43.9,37.8,93.4,170,20.1,5.4,4.2,2.4,0.8,0.2
"Buddy Hield","SG","IND",80,45.8,42.5,82.2,-84,16.8,5,2.8,1.7,1.1,0.3
"Fred VanVleet","SG","TOR",69,39.3,34.2,89.8,195,19.3,4.1,7.2,2,1.8,0.6
"Paul George","F","LAC",56,45.7,37.1,87.1,157,23.8,6.1,5.1,3.1,1.5,0.4
"Terry Rozier","SG","CHA",63,41.5,32.7,80.9,-288,21.1,4.1,5.1,2.1,1.2,0.3
"Anfernee Simons","SG","POR",62,44.7,37.7,89.4,-75,21.1,2.6,4.1,2.1,0.7,0.2
"Bennedict Mathurin","SG","IND",78,43.4,32.3,82.8,-179,16.7,4.1,1.5,1.9,0.6,0.2
"Jamal Murray","PG","DEN",65,45.4,39.8,83.3,300,20,4,6.2,2.2,1,0.2
"Jerami Grant","SF","POR",63,47.5,40.1,81.3,-35,20.5,4.5,2.4,1.8,0.8,0.8
"Jrue Holiday","PG","MIL",67,47.9,38.4,85.9,481,19.3,5.1,7.4,2.9,1.2,0.4
"Evan Mobley","PF","CLE",79,55.4,21.6,67.4,339,16.2,9,2.8,1.8,0.8,1.5
"Bojan Bogdanovic","SF","DET",59,48.8,41.1,88.4,-330,21.6,3.8,2.6,2.3,0.6,0.1
"Jordan Clarkson","PG","UTA",61,44.4,33.8,81.6,35,20.8,4,4.4,3,0.5,0.2
"D'Angelo Russell","PG","LAL",71,46.9,39.6,82.9,85,17.8,3,6.2,2.6,1,0.4
"Josh Giddey","SG","OKC",76,48.2,32.5,73.1,-105,16.6,7.9,6.2,2.8,0.8,0.4
"Desmond Bane","SG","MEM",58,47.9,40.8,88.3,356,21.5,5,4.4,2.2,1,0.4
"Brook Lopez","C","MIL",78,53.1,37.4,78.4,398,15.9,6.7,1.3,1.4,0.5,2.5
"Kawhi Leonard","SF","LAC",52,51.2,41.6,87.1,220,23.8,6.5,3.9,1.7,1.4,0.5
"Harrison Barnes","SF","SAC",82,47.3,37.4,84.7,255,15,4.5,1.6,1,0.7,0.1
"Tyrese Maxey","PG","PHI",60,48.1,43.4,84.5,241,20.3,2.9,3.5,1.3,0.8,0.1
"James Harden","SG","PHI",58,44.1,38.5,86.7,277,21,6.1,10.7,3.4,1.2,0.5
"Immanuel Quickley","SG","NYK",81,44.8,37,81.9,318,14.9,4.2,3.4,1.2,1,0.2
"Jaden Ivey","PG","DET",74,41.6,34.3,74.7,-642,16.3,3.9,5.2,3.2,0.8,0.2
"Deandre Ayton","C","PHX",67,58.9,29.2,76,-7,18,10,1.7,1.8,0.6,0.8
"Scottie Barnes","SF","TOR",77,45.6,28.1,77.2,175,15.3,6.6,4.8,2,1.1,0.8
"Jaren Jackson Jr.","PF","MEM",63,50.6,35.5,78.8,366,18.6,6.8,1,1.7,1,3
"Bradley Beal","SG","WAS",50,50.6,36.5,84.2,42,23.2,3.9,5.4,2.9,0.9,0.7
"Tyrese Haliburton","PG","IND",56,49,40,87.1,-35,20.7,3.7,10.4,2.5,1.6,0.4
"Russell Westbrook","PG","LAC",73,43.6,31.1,65.6,-21,15.9,5.8,7.5,3.5,1,0.5
"Gary Trent Jr.","SG","TOR",66,43.3,36.9,83.9,-52,17.4,2.6,1.6,0.8,1.6,0.2
"Trey Murphy III","SG","NOP",79,48.4,40.6,90.5,38,14.5,3.6,1.4,0.8,1.1,0.5
"P.J. Washington","PF","CHA",73,44.4,34.8,73,-375,15.7,4.9,2.4,1.5,0.9,1.1
"Kevin Huerter","SG","SAC",75,48.5,40.2,72.5,222,15.2,3.3,2.9,1.3,1.1,0.3
"Kevin Porter Jr.","SG","HOU",59,44.2,36.6,78.4,-343,19.2,5.3,5.7,3.2,1.4,0.3
"O.G. Anunoby","SF","TOR",67,47.6,38.7,83.8,132,16.8,5,2,2,1.9,0.7
"Jonas Valanciunas","C","NOP",79,54.7,34.9,82.6,-10,14.1,10.2,1.8,2,0.3,0.7
"Christian Wood","F","DAL",67,51.5,37.6,77.2,-46,16.6,7.3,1.8,1.8,0.4,1.1
"Myles Turner","C","IND",62,54.8,37.3,78.3,-47,18,7.5,1.4,1.7,0.6,2.3
"Brandon Ingram","SF","NOP",45,48.4,39,88.2,96,24.7,5.5,5.8,3.3,0.7,0.4
"Aaron Gordon","PF","DEN",68,56.4,34.7,60.8,518,16.3,6.6,3,1.4,0.8,0.8
"Alperen Sengun","C","HOU",75,55.3,33.3,71.5,-283,14.8,9,3.9,2.6,0.9,0.9
"Tobias Harris","PF","PHI",74,50.1,38.9,87.6,296,14.7,5.7,2.5,1.2,0.9,0.5
"Michael Porter Jr.","SF","DEN",62,48.7,41.4,80,418,17.4,5.5,1,1.1,0.6,0.5
"Saddiq Bey","SF","ATL",77,42.2,36.1,86.1,-147,13.8,4.7,1.5,0.9,0.9,0.2
"Jalen Williams","F","OKC",75,52.1,35.6,81.2,-53,14.1,4.5,3.3,1.6,1.4,0.5
"Dillon Brooks","SF","MEM",73,39.6,32.6,77.9,205,14.3,3.3,2.6,1.4,0.9,0.2
"Malik Monk","SG","SAC",77,44.8,35.9,88.9,68,13.5,2.6,3.9,1.9,0.6,0.3
"Kenyon Martin Jr.","F","HOU",82,56.9,31.5,68,-368,12.7,5.5,1.5,1.1,0.5,0.4
"De'Andre Hunter","SF","ATL",67,46.1,35,82.6,-18,15.4,4.2,1.4,1.2,0.5,0.3
"Malik Beasley","SG","LAL",81,39.5,35.7,76.9,-87,12.7,3.5,1.5,1.1,0.8,0.1
"Norman Powell","G","LAC",60,47.9,39.7,81.2,-124,17,2.9,1.8,1.7,0.8,0.3
"Tim Hardaway Jr.","SF","DAL",71,40.1,38.5,77,160,14.4,3.5,1.8,0.8,0.7,0.2
"Derrick White","PG","BOS",82,46.2,38.1,87.5,488,12.4,3.6,3.9,1.2,0.7,0.9
"Luguentz Dort","G","OKC",74,38.8,33,77.2,34,13.7,4.6,2.1,1.2,1,0.3
"Jabari Smith Jr.","PF","HOU",79,40.8,30.7,78.6,-555,12.8,7.2,1.3,1.3,0.5,0.9
"Malcolm Brogdon","PG","BOS",67,48.4,44.4,87,182,14.9,4.2,3.7,1.5,0.7,0.3
"Bobby Portis","F","MIL",70,49.6,37,76.8,17,14.1,9.6,1.5,1.2,0.4,0.2
"Keegan Murray","SF","SAC",80,45.3,41.1,76.5,99,12.2,4.6,1.2,0.8,0.8,0.5
"Kelly Oubre Jr.","SG","CHA",48,43.1,31.9,76,-278,20.2,5.2,1.1,1.3,1.4,0.4
"Jarrett Allen","C","CLE",68,64.4,10,73.3,345,14.2,9.8,1.7,1.4,0.8,1.2
"Nic Claxton","C","BKN",76,70.5,0,54.1,119,12.6,9.2,1.9,1.3,0.9,2.5
"Jaden McDaniels","PF","MIN",79,51.7,39.8,73.6,70,12.1,3.9,1.9,1.4,0.9,1
"Rudy Gobert","C","MIN",70,65.9,0,64.4,-7,13.4,11.6,1.2,1.7,0.8,1.4
"John Collins","PF","ATL",71,50.8,29.2,80.3,-21,13.1,6.5,1.2,1.1,0.6,1
"Bruce Brown","SF","DEN",80,48.3,35.8,75.8,31,11.5,4.1,3.4,1.5,1.1,0.6
"Max Strus","SG","MIA",80,41,35,87.6,-145,11.5,3.2,2.1,0.9,0.5,0.1
"Caris LeVert","SG","CLE",74,43.1,39.2,72.2,194,12.1,3.8,3.9,1.6,1,0.3
"Jakob Poeltl","C","TOR",72,62.9,0,59.2,-146,12.5,9.1,2.7,1.7,0.9,1.2
"Tre Jones","PG","SAS",68,45.9,28.5,86,-325,12.9,3.6,6.6,1.6,1.3,0.1
"Wendell Carter Jr.","C","ORL",57,52.5,35.6,73.8,-41,15.2,8.7,2.3,1.9,0.5,0.6
"Mason Plumlee","C","LAC",79,68,0,63.6,-269,10.8,8.9,3.1,1.5,0.6,0.6
"Eric Gordon","SG","LAC",69,44.6,37.1,82.1,-210,12.4,1.9,2.7,1.5,0.6,0.4
"Kelly Olynyk","PF","UTA",68,49.9,39.4,85.3,14,12.5,6.2,3.7,2.5,0.9,0.5
"LaMelo Ball","PG","CHA",36,41.1,37.6,84.3,-150,23.3,6.4,8.4,3.6,1.3,0.3
"Markelle Fultz","PG","ORL",60,51.4,31,78.3,-130,13.9,3.9,5.7,2.3,1.4,0.4
"Austin Reaves","SG","LAL",64,52.9,39.8,86.4,214,13,3,3.4,1.5,0.5,0.3
"Patrick Williams","PF","CHI",82,46.4,41.5,85.7,-142,10.2,4,1.2,1.2,0.9,0.9
"Dennis Schroder","PG","LAL",66,41.5,32.9,85.7,125,12.6,2.5,4.5,1.7,0.8,0.2
"Kentavious Caldwell-Pope","SG","DEN",76,46.2,42.3,82.4,493,10.8,2.7,2.4,1.1,1.5,0.5
"Tyus Jones","PG","MEM",80,43.8,37.1,80.6,95,10.3,2.5,5.2,0.9,1,0.1
"Corey Kispert","SF","WAS",74,49.7,42.4,85.2,-124,11.1,2.8,1.2,0.7,0.4,0.1
"Chris Paul","PG","PHX",59,44,37.5,83.1,84,13.9,4.3,8.9,1.9,1.5,0.4
"Ivica Zubac","C","LAC",76,63.4,0,69.7,-33,10.8,9.9,1,1.5,0.4,1.3
"Quentin Grimes","SG","NYK",71,46.8,38.6,79.6,186,11.3,3.2,2.1,1,0.7,0.4
"Mike Conley","PG","MIN",67,42.8,38.5,83.4,60,11.9,2.7,6.7,1.5,1.1,0.2
"Onyeka Okongwu","PF","ATL",80,63.8,30.8,78.1,63,9.9,7.2,1,1,0.7,1.3
"Shaedon Sharpe","SG","POR",80,47.2,36,71.4,-297,9.9,3,1.2,1,0.5,0.3
"Killian Hayes","PG","DET",76,37.7,28,82.1,-500,10.3,2.9,6.2,2.3,1.4,0.4
"Cole Anthony","PG","ORL",60,45.4,36.4,89.4,-26,13,4.8,3.9,1.5,0.6,0.5
"Naz Reid","C","MIN",68,53.7,34.6,67.7,-128,11.5,4.9,1.1,1.4,0.6,0.8
"De'Anthony Melton","SG","PHI",77,42.5,39,79.3,102,10.1,4.1,2.6,1.3,1.6,0.5
"Clint Capela","C","ATL",65,65.3,0,60.3,-30,12,11,0.9,0.8,0.7,1.2
"Tari Eason","F","HOU",82,44.8,34.3,75.2,-157,9.3,6,1.1,1.2,1.2,0.6
"Bogdan Bogdanovic","SG","ATL",54,44.7,40.6,83.1,64,14,3.1,2.8,1.2,0.8,0.3
"Jalen McDaniels","PF","PHI",80,45.5,33.2,84.1,-149,9.4,4.3,1.6,1.2,1,0.4
"Zion Williamson","PF","NOP",29,60.8,36.8,71.4,149,26,7,4.6,3.4,1.1,0.6
"Grayson Allen","SG","MIL",72,44,39.9,90.5,227,10.4,3.3,2.3,1,0.9,0.2
"Josh Hart","SG","NYK",76,52.9,37.2,75,315,9.8,7.8,3.8,1.5,1.2,0.3
"Aaron Nesmith","SF","IND",73,42.7,36.6,83.8,-211,10.1,3.8,1.3,1,0.8,0.5
"Gordon Hayward","SF","CHA",50,47.5,32.5,81.1,-108,14.7,4.3,4.1,2,0.8,0.2
"Zach Collins","PF","SAS",63,51.8,37.4,76.1,-239,11.6,6.4,2.9,2,0.6,0.8
"Marcus Morris Sr.","SF","LAC",65,42.6,36.5,78.2,-16,11.2,4,1.8,0.9,0.6,0.3
"Coby White","PG","CHI",74,44.3,37.2,87.1,143,9.7,2.9,2.8,1,0.7,0.1
"Terance Mann","SG","LAC",81,51.9,38.9,78,2,8.8,3.4,2.3,1,0.5,0.3
"Chris Boucher","PF","TOR",76,49.3,32.8,76.2,-18,9.4,5.5,0.4,0.5,0.6,0.8
"Andrew Nembhard","PG","IND",75,44.1,35,79,-263,9.5,2.7,4.5,1.7,0.9,0.2
"Rui Hachimura","PF","LAL",63,48.6,31.9,73.9,-28,11.2,4.5,0.9,0.8,0.3,0.4
"Daniel Gafford","C","WAS",78,73.2,0,67.9,-89,9,5.6,1.1,1.1,0.4,1.3
"Jaylen Nowell","SG","MIN",65,44.8,28.9,77.8,-8,10.8,2.6,2,1,0.6,0.1
"Devin Vassell","SG","SAS",38,43.9,38.7,78,-295,18.5,3.9,3.6,1.5,1.1,0.4
"Marcus Smart","PG","BOS",61,41.5,33.6,74.6,240,11.5,3.1,6.3,2.3,1.5,0.4
"Naji Marshall","SF","NOP",77,43.3,30.3,78.9,6,9.1,3.6,2.5,1.3,0.7,0.2
"Talen Horton-Tucker","SG","UTA",65,41.9,28.6,75,-8,10.7,3.2,3.8,1.9,0.6,0.4
"Deni Avdija","SF","WAS",76,43.7,29.7,73.9,-51,9.2,6.4,2.8,1.6,0.9,0.4
"Santi Aldama","PF","MEM",77,47,35.3,75,91,9,4.8,1.3,0.8,0.6,0.6
"Jusuf Nurkic","C","POR",52,51.9,36.1,66.1,9,13.3,9.1,2.9,2.3,0.8,0.8
"Reggie Jackson","PG","DEN",68,41.1,33.3,91,-79,10.2,2.1,3.4,1.7,0.7,0.1
"Isaiah Joe","SG","OKC",73,44.1,40.9,82,213,9.5,2.4,1.2,0.5,0.7,0.1
"Ayo Dosunmu","SG","CHI",80,49.3,31.2,80.5,-77,8.6,2.8,2.6,1.2,0.8,0.3
"Collin Sexton","PG","UTA",48,50.6,39.3,81.9,-28,14.3,2.2,2.9,1.8,0.6,0.1
"Caleb Martin","SF","MIA",71,46.4,35.6,80.5,-9,9.6,4.8,1.6,1.1,1,0.4
"Walker Kessler","C","UTA",74,72,33.3,51.6,72,9.2,8.4,0.9,0.8,0.4,2.3
"Donte DiVincenzo","SG","GSW",72,43.5,39.7,81.7,124,9.4,4.5,3.5,1.6,1.3,0.1
"Malaki Branham","G","SAS",66,44,30.2,82.9,-364,10.2,2.7,1.9,1.2,0.5,0.1
"Royce O'Neale","PF","BKN",76,38.6,38.9,72.5,78,8.8,5.1,3.7,1.5,0.9,0.6
"Cedi Osman","SF","CLE",77,45.1,37.2,69.4,228,8.7,2.3,1.5,0.7,0.5,0.1
"Jonathan Kuminga","PF","GSW",67,52.5,37,65.2,-53,9.9,3.4,1.9,1.4,0.6,0.5
"Bones Hyland","PG","LAC",56,39.9,37.1,84.3,-129,11.8,2.4,3.1,1.5,0.7,0.3
"Doug McDermott","SF","SAS",64,45.7,41.3,75.7,-237,10.2,2.2,1.4,0.9,0.2,0.1
"Josh Richardson","SG","NOP",65,43.1,36.5,85.2,-161,10.1,2.7,2.7,1.3,1.1,0.3
"Lonnie Walker IV","G","LAL",56,44.8,36.5,85.8,-207,11.7,1.9,1.1,0.8,0.5,0.3
"Alec Burks","SG","DET",51,43.6,41.4,81.4,-7,12.8,3.1,2.2,1.1,0.7,0.2
"Jevon Carter","PG","MIL",81,42.3,42.1,81.6,63,8,2.5,2.4,1,0.8,0.4
"Cameron Johnson","SF","BKN",42,47,40.4,84.2,155,15.5,4.4,1.9,0.9,1.2,0.3
"T.J. McConnell","PG","IND",75,54.3,44.1,85.3,-62,8.7,3.1,5.3,1.9,1.1,0.1
"Herbert Jones","SF","NOP",66,46.9,33.5,76.4,150,9.8,4.1,2.5,1.3,1.6,0.6
"Keita Bates-Diop","SF","SAS",67,50.8,39.4,79.3,-266,9.7,3.7,1.5,0.8,0.7,0.3
"Kyle Anderson","SF","MIN",69,50.9,41,73.5,91,9.4,5.3,4.9,1.5,1.1,0.9
"Jalen Smith","PF","IND",68,47.6,28.3,75.9,-95,9.4,5.8,1,1.1,0.3,0.9
"Gabe Vincent","PG","MIA",68,40.2,33.4,87.2,-28,9.4,2.1,2.5,1.4,0.9,0.1
"Grant Williams","PF","BOS",79,45.4,39.5,77,206,8.1,4.6,1.7,1,0.5,0.4
"AJ Griffin","F","ATL",72,46.5,39,89.4,63,8.9,2.1,1,0.6,0.6,0.2
"Georges Niang","SF","PHI",78,44.2,40.1,86.7,75,8.2,2.4,1,0.7,0.4,0.2
"Shake Milton","SG","PHI",76,47.9,37.8,85.3,144,8.4,2.5,3.2,1.2,0.3,0.2
"Monte Morris","PG","WAS",62,48,38.2,83.1,6,10.3,3.4,5.3,1,0.7,0.2
"Bol Bol","C","ORL",70,54.6,26.5,75.9,-146,9.1,5.8,1,1.6,0.4,1.2
"Andrew Wiggins","SF","GSW",37,47.3,39.6,61.1,118,17.1,5,2.3,1.3,1.2,0.8
"Jarred Vanderbilt","PF","LAL",78,54.8,32.2,69.1,-101,7.9,7.5,2.4,1.2,1.1,0.3
"Draymond Green","PF","GSW",73,52.7,30.5,71.3,346,8.5,7.2,6.8,2.8,1,0.8
"Al Horford","C","BOS",63,47.6,44.6,71.4,309,9.8,6.2,3,0.6,0.5,1
"Kyle Lowry","PG","MIA",55,40.4,34.5,85.9,55,11.2,4.1,5.1,1.9,1,0.4
"Jeremy Sochan","F","SAS",56,45.3,24.6,69.8,-235,11,5.3,2.5,1.7,0.8,0.4
"Jalen Duren","C","DET",67,64.8,0,61.1,-279,9.1,8.9,1.1,1.4,0.7,0.9
"Cam Thomas","SG","BKN",57,44.1,38.3,86.8,-4,10.6,1.7,1.4,1.1,0.4,0.1
"Damion Lee","SG","PHX",74,44.2,44.5,90.4,79,8.2,3,1.3,1.1,0.4,0.1
"Karl-Anthony Towns","C","MIN",29,49.5,36.6,87.4,39,20.8,8.1,4.8,3,0.7,0.6
"Moritz Wagner","C","ORL",57,50,31.3,84.1,-27,10.5,4.5,1.5,1.2,0.6,0.2
"Torrey Craig","SF","PHX",79,45.6,39.5,71.1,-177,7.4,5.4,1.5,0.9,0.6,0.8
"Thomas Bryant","C","DEN",59,62.3,44.1,73.8,-93,9.8,5.7,0.5,0.6,0.3,0.5
"Kevon Looney","F","GSW",82,63,0,60.6,157,7,9.3,2.5,0.5,0.6,0.6
"Isaiah Stewart","C","DET",50,44.2,32.7,73.8,-226,11.3,8.1,1.4,1.4,0.4,0.7
"Joe Harris","SF","BKN",74,45.7,42.6,64.3,-24,7.6,2.2,1.4,0.6,0.5,0.2
"Trey Lyles","PF","SAC",74,45.8,36.3,81.5,105,7.6,4.1,0.9,0.9,0.4,0.4
"Reggie Bullock","SF","DAL",78,40.9,38,70.3,-87,7.2,3.6,1.4,0.5,0.7,0.2
"Seth Curry","SG","BKN",61,46.3,40.5,92.7,-69,9.2,1.6,1.6,0.8,0.6,0.1
"Brandon Clarke","PF","MEM",56,65.6,16.7,71.9,-14,10,5.5,1.3,1,0.6,0.7
"Dorian Finney-Smith","PF","BKN",66,39.1,33.7,76.3,-8,8.3,4.8,1.5,0.9,0.8,0.5
"Jose Alvarado","PG","NOP",61,41.1,33.6,81.3,103,9,2.3,3,1.3,1.1,0.2
"Josh Green","SG","DAL",60,53.7,40.2,72.3,77,9.1,3,1.7,1.2,0.7,0.1
"Luke Kennard","SG","MEM",59,49.2,49.4,94.9,211,9.3,2.7,1.5,0.8,0.5,0.1
"Jordan Nwora","SF","IND",62,43.6,40.8,79.1,-252,8.7,3.7,1.4,1.1,0.4,0.2
"Troy Brown Jr.","SF","LAL",76,43,38.1,87.2,-15,7.1,4.1,1.2,0.6,0.8,0.2
"Devonte' Graham","PG","SAS",73,37.4,35.2,74.8,-159,7.4,1.7,2.7,0.7,0.6,0.2
"Nick Richards","C","CHA",65,62.9,100,74.9,-113,8.2,6.4,0.6,0.9,0.2,1.1
"Josh Okogie","SF","PHX",72,39.1,33.5,72.4,106,7.3,3.5,1.5,0.9,0.8,0.5
"Jalen Suggs","SG","ORL",53,41.9,32.7,72.3,-40,9.9,3,2.9,1.8,1.3,0.5
"Hamidou Diallo","SG","DET",56,57.3,23.8,58.8,-16,9.3,3.5,1,1.3,0.9,0.3
"Terrence Ross","G","PHX",63,43,36.8,79.4,-76,8.3,2.4,1.5,0.7,0.6,0.2
"Drew Eubanks","PF","POR",78,64.1,38.9,66.4,-131,6.6,5.4,1.3,0.9,0.5,1.3
"Tre Mann","PG","OKC",67,39.3,31.5,76.4,57,7.7,2.3,1.8,0.9,0.6,0.2
"Sam Hauser","SF","BOS",80,45.5,41.8,70.6,219,6.4,2.5,0.9,0.4,0.4,0.3
"Kevin Love","PF","MIA",62,38.9,33.4,87.9,109,8.2,6.4,1.9,1.1,0.3,0.2
"Precious Achiuwa","PF","TOR",55,48.5,26.9,70.2,-37,9.2,6,0.9,1.1,0.6,0.5
"Dwight Powell","C","DAL",76,73.2,0,66.7,166,6.7,4.1,0.9,0.9,0.6,0.3
"Marvin Bagley III","PF","DET",42,52.9,28.8,75,-229,12,6.4,0.9,1.1,0.5,0.7
"Khris Middleton","SF","MIL",33,43.6,31.5,90.2,132,15.1,4.2,4.9,2.2,0.7,0.2
"Obi Toppin","PF","NYK",67,44.6,34.4,80.9,57,7.4,2.8,1,0.6,0.3,0.2
"Kendrick Nunn","G","WAS",70,42.4,35.4,85.4,-54,7.1,1.6,1.3,0.9,0.4,0.1
"Cameron Payne","PG","PHX",48,41.5,36.8,76.6,77,10.3,2.2,4.5,1.7,0.7,0.2
"Taurean Prince","PF","MIN",54,46.7,38.1,84.4,0,9.1,2.4,1.6,1.3,0.5,0.3
"Isaac Okoro","SF","CLE",76,49.4,36.3,75.7,126,6.4,2.5,1.1,0.6,0.7,0.4
"Aaron Wiggins","SG","OKC",70,51.2,39.3,83.1,9,6.8,3,1.1,0.8,0.6,0.2
"Nicolas Batum","PF","LAC",78,42,39.1,70.8,165,6.1,3.8,1.6,0.6,0.7,0.6
"Dennis Smith Jr.","PG","CHA",54,41.2,21.6,73.6,-70,8.8,3.1,4.8,1.5,1.4,0.5
"Ochai Agbaji","G","UTA",59,42.7,35.5,81.2,-19,7.9,2.1,1.1,0.7,0.3,0.3
"David Roddy","F","MEM",70,42.9,30.7,63.1,-61,6.7,2.8,0.8,0.8,0.4,0.3
"Pat Connaughton","SG","MIL",61,39.2,33.9,65.9,134,7.6,4.6,1.3,0.5,0.6,0.2
"Trendon Watford","PF","POR",62,56,39.1,72,-181,7.4,3.8,2.1,1.1,0.5,0.2
"Jock Landale","C","PHX",69,52.8,25,75.2,141,6.6,4.1,1,0.9,0.2,0.4
"Isaiah Jackson","SF","IND",63,56.3,14.3,65.1,-124,7.2,4.5,0.8,0.8,0.5,1.5
"Davion Mitchell","PG","SAC",80,45.4,32,80.6,1,5.6,1.3,2.3,0.8,0.6,0.2
"James Wiseman","C","DET",45,55.8,20,70.1,-327,10,5.9,0.7,1.1,0.2,0.6
"Victor Oladipo","SG","MIA",42,39.7,33,74.7,-35,10.7,3,3.5,2.1,1.4,0.3
"Larry Nance Jr.","PF","NOP",65,61,33.3,69.6,185,6.8,5.4,1.8,0.6,0.9,0.6
"Jeff Green","PF","DEN",56,48.8,28.8,74.4,-193,7.8,2.6,1.2,0.8,0.3,0.3
"Mitchell Robinson","C","NYK",59,67.1,0,48.4,185,7.4,9.4,0.9,0.7,0.9,1.8
"Terence Davis","SG","SAC",64,42.3,36.6,79.1,47,6.7,2.2,1,0.8,0.7,0.2
"Xavier Tillman","F","MEM",61,61.4,26.7,55.1,-1,7,5,1.6,0.7,1,0.5
"Cory Joseph","PG","DET",62,42.7,38.9,79.2,-110,6.9,1.7,3.5,0.9,0.5,0.1
"Kenrich Williams","SF","OKC",53,51.7,37.3,43.6,75,8,4.9,2,0.6,0.8,0.3
"Jaden Hardy","G","DAL",48,43.8,40.4,82.3,-32,8.8,1.9,1.4,1,0.4,0.1
"Anthony Lamb","F","GSW",62,47.1,36.7,76.7,32,6.7,3.5,1.5,0.9,0.5,0.3
"Kevin Knox II","SF","POR",63,45.8,34.9,76.7,-226,6.6,2.8,0.5,0.8,0.4,0.2
"Patrick Beverley","PG","CHI",67,40,33.5,72.3,-80,6.2,3.7,2.9,0.9,0.9,0.6
"Jordan Goodwin","G","WAS",62,44.8,32.2,76.8,-117,6.6,3.3,2.7,0.9,0.9,0.4
"Isaiah Hartenstein","C","NYK",82,53.5,21.6,67.6,151,5,6.5,1.2,0.8,0.6,0.8
"Andre Drummond","C","CHI",67,60.6,0,53.6,25,6,6.6,0.5,1.1,0.7,0.4
"Oshae Brissett","SF","IND",65,38.6,31,71.7,22,6.1,3.4,0.7,0.5,0.5,0.2
"Gary Harris","SG","ORL",48,45,43.1,90,-84,8.3,2,1.2,0.6,0.9,0.2
"Jalen Johnson","SF","ATL",70,49.1,28.8,62.8,-10,5.6,4,1.2,0.6,0.5,0.5
"Cam Reddish","SF","POR",40,44.6,31.3,85.3,-193,9.7,2.2,1.4,1.2,1,0.3
"Mark Williams","C","CHA",43,63.7,0,69.1,-79,9,7.1,0.4,0.9,0.7,1
"John Wall","PG","LAC",34,40.7,30.3,68.1,-106,11.4,2.7,5.2,2.4,0.8,0.4
"Mike Muscala","C","BOS",63,44.9,39.1,76.9,204,6.1,3.2,0.8,0.4,0.2,0.4
"Will Barton","G","TOR",56,37.9,36.7,78.7,-168,6.8,2.4,2,0.9,0.5,0.2
"Edmond Sumner","PG","BKN",53,46.1,35.6,91.7,25,7.1,1.5,1.3,0.9,0.6,0.2
"Alex Caruso","SG","CHI",67,45.5,36.4,80.8,199,5.6,2.9,2.9,1.1,1.5,0.7
"Josh Christopher","SG","HOU",64,46.5,23.6,75,-225,5.8,1.1,1.1,0.9,0.5,0.2
"Wenyen Gabriel","F","LAL",68,59.6,27.8,61.9,-32,5.5,4.2,0.5,0.7,0.4,0.5
"Delon Wright","SG","WAS",50,47.4,34.5,86.7,69,7.4,3.6,3.9,0.9,1.8,0.3
"JaMychal Green","F","GSW",57,54,37.8,77.6,-156,6.4,3.6,0.9,0.9,0.4,0.4
"Goran Dragic","PG","MIL",58,42.1,35.9,68.9,5,6.3,1.4,2.6,1.1,0.2,0.1
"John Konchar","SG","MEM",72,43.1,33.9,77.8,209,5.1,4.3,1.4,0.5,1.1,0.3
"Nickeil Alexander-Walker","SG","MIN",59,44.4,38.4,66.7,-51,6.2,1.7,1.8,0.9,0.5,0.4
"Chris Duarte","SG","IND",46,36.9,31.6,84.7,-114,7.9,2.5,1.4,0.9,0.5,0.2
"Dario Saric","PF","OKC",57,45.8,39.1,82.9,37,6.4,3.6,1.3,1,0.4,0.1
"Steven Adams","C","MEM",42,59.7,0,36.4,243,8.6,11.5,2.3,1.9,0.9,1.1
"Christian Braun","G","DEN",76,49.5,35.4,62.5,-114,4.7,2.4,0.8,0.5,0.5,0.2
"Nassir Little","SF","POR",54,44.2,36.7,71.7,-190,6.6,2.6,0.9,0.7,0.4,0.4
"Isaiah Livers","PF","DET",52,41.7,36.5,82.1,-202,6.7,2.8,0.8,0.6,0.5,0.5
"Landry Shamet","SG","PHX",40,37.7,37.7,88.2,38,8.7,1.7,2.3,0.9,0.7,0.1
"Lamar Stevens","F","CLE",62,44.8,31.6,70.2,6,5.3,3.3,0.5,0.4,0.4,0.3
"Simone Fontecchio","F","UTA",52,36.9,33,79.5,-205,6.3,1.7,0.8,0.8,0.3,0.2
"Mo Bamba","C","LAL",49,48.5,38.7,66.1,8,6.6,4.6,0.9,0.6,0.3,0.9
"Yuta Watanabe","SF","BKN",58,49.1,44.4,72.3,-7,5.6,2.4,0.8,0.4,0.4,0.3
"Chimezie Metu","PF","SAC",66,58.9,23.7,74,88,4.9,3,0.6,0.5,0.3,0.3
"Montrezl Harrell","C","PHI",57,59.8,0,69.3,19,5.6,2.8,0.6,0.6,0.3,0.4
"Derrick Jones Jr.","SF","CHI",64,50,33.8,73.8,122,5,2.4,0.5,0.4,0.5,0.6
"Joe Ingles","SG","MIL",46,43.5,40.9,85.7,80,6.9,2.8,3.3,1.2,0.7,0.1
"T.J. Warren","SF","PHX",42,48.9,32.8,80,55,7.5,2.9,1,0.5,0.5,0.3
"Ty Jerome","SG","GSW",45,48.8,38.9,92.7,-92,6.9,1.7,3,0.7,0.5,0.1
"Moses Moody","SG","GSW",63,47.6,36.3,69.8,-7,4.8,1.7,0.8,0.5,0.3,0.1
"R.J. Hampton","PG","DET",47,43,35.3,75,-140,6.4,1.9,1.1,0.9,0.6,0.2
"Romeo Langford","SG","SAS",43,46.7,26.2,69.6,-180,6.9,2.7,1.2,0.7,0.6,0.3
"Vlatko Cancar","SF","DEN",60,47.6,37.4,92.7,-66,5,2.1,1.3,0.6,0.4,0.2
"Theo Maledon","PG","CHA",44,40.2,29.5,85.1,-147,6.7,2.8,3.5,1.3,0.8,0.3
"Matisse Thybulle","SG","POR",71,43.5,36.5,67.9,-14,4.1,2,0.7,0.3,1.2,0.5
"Rudy Gay","SF","UTA",56,37.8,25.2,85.7,57,5.2,2.9,1,0.7,0.3,0.3
"Jeremiah Robinson-Earl","PF","OKC",43,44.4,33.3,83.3,-10,6.8,4.2,1,0.4,0.6,0.3
"Ben Simmons","PG","BKN",42,56.6,0,43.9,40,6.9,6.3,6.1,2.3,1.3,0.6
"Kris Dunn","G","UTA",22,53.7,47.2,77.4,-62,13.2,4.5,5.6,1.6,1.1,0.5
"Jaylin Williams","F","OKC",49,43.6,40.7,70.4,-90,5.9,4.9,1.6,0.8,0.6,0.2
"Robert Covington","PF","LAC",48,44.5,39.7,75,-7,6,3.5,1.2,0.7,0.8,0.7
"Paul Reed","SF","PHI",69,59.3,16.7,74.5,-17,4.2,3.8,0.4,0.7,0.7,0.7
"Jae'Sean Tate","SF","HOU",31,48,28.3,72.5,-94,9.1,3.8,2.7,1.5,0.7,0.2
"Robert Williams III","C","BOS",35,74.7,0,61,173,8,8.3,1.4,1,0.6,1.4
"Eugene Omoruyi","F","DET",40,44.3,28.1,68,-41,7,2.8,0.7,0.8,0.7,0.1
"Zeke Nnaji","PF","DEN",53,56.1,26.2,64.5,-97,5.2,2.6,0.3,0.6,0.3,0.4
"Aleksej Pokusevski","F","OKC",34,43.4,36.5,62.9,-196,8.1,4.7,1.9,1.3,0.6,1.3
"Payton Pritchard","PG","BOS",48,41.2,36.4,75,12,5.6,1.8,1.3,0.8,0.3,0
"Danuel House Jr.","SF","PHI",56,47.2,33.6,75,-16,4.8,1.7,0.8,0.5,0.2,0.2
"Duncan Robinson","F","MIA",42,37.1,32.8,90.6,-56,6.4,1.6,1.1,0.7,0.3,0
"MarJon Beauchamp","F","MIL",52,39.5,33.1,73,-99,5.1,2.2,0.7,0.9,0.4,0.1
"P.J. Tucker","PF","PHI",75,42.7,39.3,82.6,135,3.5,3.9,0.8,0.6,0.5,0.2
"Bismack Biyombo","C","PHX",61,57.8,0,35.7,48,4.3,4.3,0.9,0.8,0.3,1.4
"Sandro Mamukelashvili","PF","SAS",43,42.2,30.3,68.4,-114,6.1,4.3,1.4,0.8,0.3,0.3
"JT Thor","F","CHA",69,39.9,31.7,70.2,-163,3.8,2.2,0.5,0.6,0.3,0.3
"Willy Hernangomez","C","NOP",38,52.7,27.3,77.9,19,6.9,4.7,0.9,1,0.4,0.3
"Luke Kornet","C","BOS",69,66.5,23.1,82.1,61,3.8,2.9,0.8,0.4,0.2,0.7
"Garrison Mathews","SG","ATL",54,36.3,35,90.6,-87,4.8,1.4,0.5,0.4,0.4,0.1
"Austin Rivers","SG","MIN",52,43.5,35,76.9,-142,4.9,1.6,1.4,0.4,0.5,0.1
"Ish Wainright","F","PHX",60,37,32.9,83.9,92,4.2,2.3,0.9,0.4,0.6,0.4
"Aaron Holiday","G","ATL",63,41.8,40.9,84.4,17,3.9,1.2,1.4,0.6,0.6,0.2
"Bryce McGowens","G","CHA",46,39.6,32.5,75,-150,5.3,2,1.2,0.9,0.3,0.1
"Malachi Flynn","PG","TOR",53,36,35.3,75.8,-40,4.6,1.4,1.3,0.5,0.4,0.1
"Patty Mills","PG","BKN",40,41.1,36.6,83.3,-66,6.2,1.1,1.4,0.8,0.4,0.1
"Duane Washington Jr.","PG","NYK",31,36.7,36,66.7,-6,7.9,1.2,2,1.1,0.2,0.1
"Thaddeus Young","PF","TOR",54,54.5,17.6,69.2,-92,4.4,3.1,1.4,0.8,1,0.1
"Cade Cunningham","PG","DET",12,41.5,27.9,83.7,-60,19.9,6.2,6,3.2,0.8,0.6
"Haywood Highsmith","F","MIA",54,43.1,33.9,46.4,-103,4.4,3.5,0.8,0.8,0.7,0.3
"Jaxson Hayes","C","NOP",47,55.1,10.3,69.9,-70,5,2.8,0.7,0.7,0.4,0.4
"George Hill","PG","IND",46,47,35.8,76.4,41,5,1.8,2.4,0.7,0.6,0.1
"Day'Ron Sharpe","C","BKN",48,54.4,54.5,63.6,-101,4.7,4.2,0.8,0.9,0.3,0.7
"Dyson Daniels","G","NOP",59,41.8,31.4,65,-7,3.8,3.2,2.3,1,0.7,0.2
"Daishen Nix","SG","HOU",57,34.2,28.6,66.7,-151,4,1.7,2.3,1.5,0.5,0.1
"Usman Garuba","PF","HOU",75,48.6,40.7,61.7,-253,3,4.1,0.9,0.6,0.6,0.4
"Darius Bazley","PF","PHX",43,45.4,37.7,54.3,-70,5.2,3.2,0.9,0.6,0.5,0.8
"Miles McBride","PG","NYK",64,35.8,29.9,66.7,53,3.5,0.8,1.1,0.4,0.6,0.1
"Svi Mykhailiuk","SG","CHA",32,44.5,42.4,66.7,20,6.9,1.7,1.7,0.8,0.5,0.1
"Maxi Kleber","PF","DAL",37,45.6,34.8,71.1,-43,5.9,3.6,1.4,0.7,0.3,0.8
"Jabari Walker","F","POR",56,41.9,28.6,75.6,-115,3.9,2.3,0.6,0.5,0.2,0.2
"Lindy Waters III","F","OKC",41,39.3,35.8,80,136,5.2,1.8,0.7,0.2,0.3,0.3
"Ziaire Williams","F","MEM",37,42.9,25.8,77.3,-76,5.7,2.1,0.9,1,0.4,0.2
"Davis Bertans","SF","DAL",45,43.1,39,86.7,-37,4.6,1.2,0.5,0.2,0.2,0.2
"Dean Wade","PF","CLE",44,41.2,35.4,65.2,108,4.7,3.4,0.8,0.4,0.6,0.5
"Justin Holiday","SF","DAL",46,37.7,32.2,62.5,-129,4.5,1.2,0.9,0.5,0.4,0.4
"Charles Bassey","C","SAS",35,64.4,37.5,59.5,-32,5.7,5.5,1.4,1.2,0.5,0.9
"DeAndre Jordan","C","DEN",39,76.5,100,45.8,-119,5.1,5.2,0.9,1.2,0.3,0.6
"Dewayne Dedmon","C","PHI",38,51,30.8,67.3,-124,5.2,3.5,0.7,0.7,0.2,0.5
"Justise Winslow","PF","POR",29,40.9,31.1,71.4,-38,6.8,5,3.4,1.5,1,0.4
"Anthony Gill","PF","WAS",59,53.8,13.8,73.1,-12,3.3,1.7,0.6,0.3,0.1,0.2
"Caleb Houstan","G","ORL",51,36.3,33.8,83.3,-84,3.8,1.9,0.6,0.4,0.2,0.1
"Ousmane Dieng","F","OKC",39,42,26.5,65.2,39,4.9,2.7,1.2,0.7,0.4,0.2
"James Bouknight","SG","CHA",34,35.8,30.3,66.7,-97,5.6,2.1,1.2,0.9,0.4,0.1
"Keon Johnson","SG","POR",40,37.6,34.6,65.9,-153,4.7,1.1,1.5,1.1,0.5,0.1
"JaVale McGee","C","DAL",42,64,40,58.5,-57,4.4,2.5,0.3,0.9,0.1,0.6
"Blake Wesley","G","SAS",37,32.1,38.5,59.1,-198,5,2.2,2.6,1.8,0.7,0.1
"Rodney McGruder","G","DET",32,40.8,42.3,81.8,-44,5.7,2.3,0.9,0.3,0.5,0
"Christian Koloko","C","TOR",58,48,8.3,62.7,156,3.1,2.9,0.5,0.3,0.4,1
"Luka Garza","C","MIN",28,54.3,35.9,78.8,18,6.5,2.2,0.6,0.5,0.1,0.1
"Wesley Matthews","SG","MIL",52,36.3,31.5,85.7,53,3.4,2.2,0.7,0.3,0.4,0.2
"Jericho Sims","C","NYK",52,77.6,0,75,-113,3.4,4.7,0.5,0.5,0.3,0.5
"Stanley Johnson","SF","SAS",30,53.3,45,66.7,-92,5.8,3.2,2.2,1.1,0.5,0.2
"Amir Coffey","SG","LAC",50,38.6,27.5,77.8,-114,3.4,1.1,1.1,0.4,0.1,0.1
"Isaiah Roby","F","NYK",42,43.2,30,48.8,-110,4.1,2.6,0.9,0.7,0.4,0.2
"Ricky Rubio","PG","CLE",33,34.3,25.6,80,45,5.2,2.1,3.5,0.9,0.8,0.2
"Blake Griffin","PF","BOS",41,48.5,34.8,65.6,105,4.1,3.8,1.5,0.5,0.3,0.2
"Taj Gibson","F","WAS",49,52,33.3,71.4,-4,3.4,1.9,0.7,0.5,0.3,0.2
"Goga Bitadze","C","ORL",38,55.2,23.1,54.8,26,4.4,3.6,1,0.6,0.4,0.7
"Evan Fournier","SG","NYK",27,33.7,30.7,85.7,-54,6.1,1.8,1.3,0.8,0.6,0.1
"Javonte Green","SF","CHI",32,56.5,37.1,66.7,48,5.2,2.8,0.7,0.6,0.8,0.7
"Julian Champagnie","F","SAS",17,45.4,40.2,82.4,-74,9.7,3.5,0.6,0.6,0.4,0.3
"Johnny Davis","G","WAS",28,38.6,24.3,51.9,-54,5.8,2.3,1,0.6,0.4,0.3
"Jordan McLaughlin","PG","MIN",43,42.1,30.8,83.3,84,3.7,1.4,3.4,0.8,0.7,0.1
"Kai Jones","PF","CHA",46,55.8,21.1,73.1,-32,3.4,2.7,0.3,0.7,0.4,0.7
"Raul Neto","PG","CLE",48,51.8,28.6,91.2,11,3.3,1,1.6,0.5,0.4,0.1
"Admiral Schofield","SF","ORL",37,45.1,32.4,91.3,-79,4.2,1.7,0.8,0.4,0.2,0.1
"Juan Toscano-Anderson","SF","UTA",52,44.8,18.6,79.2,-147,3,2.4,1.2,0.7,0.3,0.2
"Moses Brown","C","BKN",36,63.5,0,45.8,27,4.3,3.9,0.1,0.4,0.1,0.4
"AJ Green","G","MIL",35,42.4,41.9,100,-26,4.4,1.3,0.6,0.3,0.2,0
"Bruno Fernando","PF","ATL",39,52.7,0,70,-75,3.9,3.5,0.8,0.6,0.2,0.9
"Derrick Rose","PG","NYK",27,38.4,30.2,91.7,-29,5.6,1.5,1.7,0.8,0.3,0.2
"Saben Lee","G","PHX",25,40.5,36.7,73.7,-30,6,1.8,2.7,1,0.8,0
"TyTy Washington Jr.","G","HOU",31,36.3,23.8,55.6,-47,4.7,1.5,1.5,0.5,0.5,0.1
"Brandon Boston Jr.","SG","LAC",22,41.8,41.4,76.3,-44,6.5,1.4,0.9,0.5,0.4,0
"Dalano Banton","PG","TOR",31,42.3,29.4,70.8,-34,4.6,1.5,1.2,0.6,0.4,0.4
"Damian Jones","C","UTA",41,64,58.8,75.9,-83,3.5,3,0.4,0.6,0.2,0.5
"Kevon Harris","G","ORL",34,43.9,37.2,75.6,0,4.1,2.1,0.5,0.6,0.5,0.1
"Furkan Korkmaz","SG","PHI",37,43.2,39.1,72.2,2,3.8,1.1,0.6,0.6,0.3,0.1
"Nathan Knight","F","MIN",38,56.8,36.4,68.4,-9,3.7,1.5,0.3,0.6,0.3,0.2
"Frank Ntilikina","PG","DAL",47,36.4,25.4,66.7,35,2.9,1.3,1.2,0.6,0.3,0.1
"Markieff Morris","PF","DAL",35,40.9,39.4,100,10,3.8,2,0.9,0.5,0.3,0.1
"Richaun Holmes","F","SAC",42,61.8,62.5,78.9,-69,3.1,1.9,0.2,0.3,0.1,0.3
"Chuma Okeke","PF","ORL",27,35.2,30.2,76.2,-118,4.7,3.6,1.4,0.6,0.7,0.4
"Max Christie","G","LAL",41,41.5,41.9,87.5,-77,3.1,1.8,0.5,0.3,0.2,0.2
"Udoka Azubuike","C","UTA",36,81.9,0,35,-83,3.5,3.3,0.3,0.5,0.2,0.4
"Jae Crowder","PF","MIL",18,47.9,43.6,83.3,0,6.9,3.8,1.5,0.4,0.7,0.3
"Juancho Hernangomez","PF","TOR",42,42.1,25.4,56.3,13,2.9,2.9,0.6,0.4,0.4,0.1
"Matt Ryan","F","MIN",34,37,38.1,83.3,21,3.6,0.8,0.5,0.2,0.1,0
"Patrick Baldwin Jr.","F","GSW",31,39.4,38.1,66.7,-51,3.9,1.3,0.4,0.4,0.2,0.1
"Gorgui Dieng","C","SAS",31,38.5,28,76.9,-152,3.9,3.5,1.7,1,0.1,0.5
"Kenneth Lofton Jr.","F","MEM",24,52.7,35.3,59.3,-48,5,2.1,0.8,0.5,0.2,0.1
"Orlando Robinson","C","MIA",31,52.8,0,71,27,3.7,4.1,0.8,0.5,0.4,0.4
"Kira Lewis Jr.","PG","NOP",25,45.5,44.1,86.4,62,4.6,1.3,0.9,0.4,0.4,0.1
"McKinley Wright IV","PG","DAL",27,46.9,32.1,68.4,-110,4.2,1.7,2.1,0.7,0.3,0.2
"Robin Lopez","C","CLE",37,64,50,77.8,-58,3,1.4,0.5,0.7,0.1,0.2
"Dominick Barlow","F","SAS",28,53.5,0,72,-108,3.9,3.6,0.9,0.5,0.4,0.7
"Ish Smith","PG","DEN",43,39.7,16.7,50,-36,2.5,1.3,2.3,1,0.2,0.2
"Jake LaRavia","F","MEM",35,38.9,33.8,77.8,-78,3,1.8,0.6,0.5,0.3,0.1
"Boban Marjanovic","C","HOU",31,68.3,0,74.1,66,3.3,1.9,0.3,0.5,0.2,0.1
"Gary Payton II","SG","GSW",22,59.4,50,85.7,39,4.6,3.1,1.4,0.7,1,0.2
"Kessler Edwards","SF","SAC",36,38.7,30.9,73.3,5,2.8,1.7,0.6,0.4,0.4,0.2
"Cody Zeller","C","MIA",15,62.7,0,68.6,-48,6.5,4.3,0.7,0.9,0.2,0.3
"Jamal Cain","F","MIA",18,56.1,35,77.3,22,5.4,2.9,0.7,0.3,0.6,0.1
"Theo Pinson","G","DAL",40,35.6,35.5,84.6,-50,2.4,1.6,1.1,0.3,0.1,0
"Skylar Mays","SG","POR",6,50,46.2,92.3,-74,15.3,3.2,8.3,1.7,1,0.2
"Bryn Forbes","SG","MIN",25,36.1,30.4,100,-48,3.6,0.6,0.7,0.5,0.3,0.1
"Davon Reed","SG","LAL",43,33.3,37,66.7,-99,2.1,1.4,0.5,0.5,0.3,0.1
"Frank Kaminsky","PF","HOU",36,49.2,39.4,87.5,-4,2.5,1.4,0.9,0.2,0.2,0.1
"Terry Taylor","F","CHI",31,52,26.3,54.5,18,2.9,1.5,0.3,0.3,0.1,0.2
"Johnny Juzang","G","UTA",18,33.7,23.8,50,-87,4.8,2.2,0.4,0.2,0.2,0.2
"Dalen Terry","F","CHI",38,44.4,25.9,66.7,12,2.2,1,0.6,0.2,0.3,0.1
"David Duke Jr.","G","BKN",23,46.2,8.3,70.6,-35,3.7,1.3,0.9,0.8,0.4,0
"Nikola Jovic","F","MIA",15,40.6,22.9,94.7,-16,5.5,2.1,0.7,0.7,0.5,0.1
"Kennedy Chandler","G","MEM",36,42.2,13.3,46.2,-41,2.2,1.1,1.6,0.5,0.3,0.1
"Peyton Watson","F","DEN",23,49.2,42.9,55,-47,3.3,1.6,0.5,0.3,0.1,0.5
"Kemba Walker","PG","DAL",9,42.1,25,81,-1,8,1.8,2.1,0.4,0.2,0.2
"Luka Samanic","F","UTA",7,45.6,25.8,69.2,-6,9.9,4.3,2.1,1.4,0.9,0.3
"Serge Ibaka","F","MIL",16,48.1,33.3,61.5,-25,4.1,2.8,0.2,0.7,0.1,0.4
"Danny Green","F","CLE",11,44.9,43.2,100,-17,5.5,1.3,0.5,0.9,0.5,0.3
"Jeff Dowtin Jr.","PG","TOR",25,43.9,31.3,66.7,-9,2.4,0.9,1.2,0.2,0.4,0.1
"Moussa Diabate","F","LAC",22,51.1,50,62.5,-22,2.7,2.3,0.2,0.4,0.3,0.4
"Mamadi Diakite","F","CLE",22,48,33.3,100,-9,2.6,1.4,0.4,0.5,0.2,0.4
"A.J. Lawson","G","DAL",15,50,40,25,-46,3.7,1.4,0.1,0.2,0.1,0
"Quenton Jackson","G","WAS",9,45.2,8.3,77.3,-17,6.2,0.9,1.7,0.4,0.4,0.1
"Jonathan Isaac","PF","ORL",11,41.5,40,55.6,-19,5,4,0.5,0.4,1.3,0.4
"Jeenathan Williams","G","POR",5,61.5,37.5,66.7,-38,10.6,3,2,0.8,0.6,0.4
"Trent Forrest","G","ATL",23,41.7,0,66.7,-58,2.3,1.6,1.7,0.7,0.3,0.1
"James Johnson","PF","IND",18,44.9,20,50,-7,2.8,1.7,0.8,0.4,0.4,0.3
"Jay Huff","C","WAS",7,60,50,93.8,-7,7.3,3,1.4,0.7,0.4,0.6
"Thanasis Antetokounmpo","SF","MIL",37,43.5,0,50,-114,1.4,1.2,0.4,0.3,0.1,0.1
"Garrett Temple","SF","NOP",25,40,42.3,75,-17,2,0.7,0.5,0.2,0.4,0.1
"Lindell Wigginton","G","MIL",7,48.6,33.3,88.9,-39,7.1,1,2,1.7,0,0.3
"Daniel Theis","C","IND",7,47.7,18.2,41.7,-19,7,3.1,1.3,0.4,0.3,0.9
"Matthew Dellavedova","PG","SAC",32,34,33.3,57.1,-51,1.5,0.4,1.3,0.3,0.2,0
"Josh Minott","F","MIN",15,50,33.3,100,24,3.1,1.7,0.3,0.2,0.3,0.4
"KZ Okpala","SF","SAC",35,42.1,33.3,87.5,-11,1.3,1,0.4,0.2,0.2,0.2
"Jared Rhoden","G","DET",14,38.6,25,100,21,3.2,2.6,0.3,0.2,0.3,0.1
"John Butler Jr.","F","POR",19,32.1,22.9,75,-70,2.4,0.9,0.6,0.1,0.4,0.5
"Dru Smith","G","BKN",15,40,26.3,100,-28,2.9,1.6,1.5,0.2,0.7,0.3
"Jarrett Culver","G","ATL",10,39.5,8.3,69.2,-19,4.4,3.8,0.6,0.7,0.6,0.2
"Otto Porter Jr.","SF","TOR",8,50,35.3,100,-21,5.5,2.4,1,0.5,1.4,0
"Shaquille Harrison","G","LAL",5,41.7,30,73.3,-1,8.8,4.4,6,1.2,2.2,0.4
"Alex Len","C","SAC",26,53.3,0,68.8,19,1.7,2.3,0.5,0.6,0.2,0.4
"Khem Birch","C","SAS",20,59.4,50,80,6,2.1,1.2,0.3,0.4,0.2,0.2
"Meyers Leonard","C","MIL",9,48.3,38.9,88.9,-27,4.8,3.8,0.1,0.7,0.2,0
"Jaden Springer","G","PHI",16,48.6,40,75,-3,2.6,0.9,0.5,0.2,0.4,0.2
"Wendell Moore Jr.","G","MIN",29,41.9,11.8,80,-53,1.4,0.6,0.6,0.3,0.3,0.2
"Jason Preston","PG","LAC",14,43.9,27.8,0,-11,2.9,1.6,1.9,0.7,0.1,0
"Omer Yurtseven","C","MIA",9,59.3,42.9,83.3,10,4.4,2.6,0.2,0.4,0.2,0.2
"Xavier Cooks","G","WAS",10,60.7,0,40,19,3.8,3.8,0.6,0.8,0.6,0.4
"Jared Butler","SG","OKC",6,46.9,50,0,-1,6.2,0.7,1.3,0.8,0.8,0
"Olivier Sarr","C","OKC",9,50,12.5,71.4,14,4,3.4,0.4,0.4,0.1,0.6
"Vit Krejci","G","ATL",29,40.5,23.8,50,-3,1.2,0.9,0.6,0.2,0.2,0
"Cody Martin","SF","CHA",7,38.9,21.4,57.1,-26,5,3.4,1.6,0.3,0.6,0.1
"Nerlens Noel","C","BKN",17,36.1,50,66.7,-75,2.1,2.7,0.6,0.8,0.9,0.6
"Isaiah Mobley","F","CLE",12,42.9,37.5,100,31,2.6,1.7,0.2,0.1,0.3,0.2
"Vince Williams Jr.","G","MEM",15,30,14.3,100,-34,2,1,0.3,0.3,0.4,0.1
"Greg Brown III","PF","POR",16,39.3,14.3,41.7,-5,1.8,1.2,0.2,0.4,0.2,0.3
"Jordan Hall","G","SAS",9,32.1,20,77.8,-24,3.1,1.3,1.2,0.8,0.1,0
"Joshua Primo","SG","SAS",4,34.6,25,77.8,-2,7,3.2,4.5,2.8,0.2,0.5
"Udonis Haslem","PF","MIA",7,34.5,33.3,80,-25,3.9,1.6,0,0.1,0.1,0.3
"Ryan Arcidiacono","G","POR",20,24.3,34.8,0,-40,1.3,0.8,1.1,0.3,0.2,0
"Mac McClung","SG","PHI",2,45,36.4,60,18,12.5,5,4.5,1.5,0,0
"Noah Vonleh","PF","BOS",23,45.8,25,100,-13,1.1,2.1,0.3,0.5,0.1,0.3
"Sam Merrill","SG","CLE",5,40.9,27.8,100,-5,5,1.8,1,0,0.8,0
"Gabe York","G","IND",3,38.1,33.3,100,24,8,2,1.7,0,0.7,0
"Keon Ellis","G","SAC",16,43.8,50,57.1,-21,1.5,0.5,0.4,0.1,0.3,0.1
"Micah Potter","C","UTA",7,66.7,57.1,0,-3,3.4,2.3,0.6,0.3,0.1,0
"Ryan Rollins","G","GSW",12,35,33.3,100,-47,1.9,1,0.5,1.3,0.1,0.1
"Jarrell Brantley","PF","UTA",4,57.1,44.4,100,15,5.5,1.5,0.8,0.5,0,0.5
"PJ Dozier","G","SAC",16,30.3,12.5,0,-23,1.4,0.9,0.6,0.3,0.4,0.1
"Jack White","F","DEN",17,42.1,33.3,66.7,-17,1.2,1,0.2,0.1,0.2,0.1
"Trevelin Queen","SG","IND",7,24.1,13.3,100,14,3,2.4,0.9,1,0.3,0.7
"Tyrese Martin","G","ATL",16,39.1,14.3,100,1,1.3,0.8,0.1,0.1,0.1,0
"Carlik Jones","G","CHI",7,40,50,62.5,26,2.9,0.7,0.9,0.3,0.3,0
"Justin Jackson","SF","BOS",23,25.9,25,50,-71,0.9,0.7,0.4,0.1,0.2,0.2
"Louis King","SF","PHI",1,61.5,50,0,2,20,4,2,2,1,0
"Ron Harper Jr.","F","TOR",9,50,33.3,100,19,2.2,0.8,0.4,0,0,0.1
"JD Davison","SG","BOS",12,42.1,28.6,50,-6,1.6,0.8,0.9,0.3,0.2,0.2
"Tony Bradley","C","CHI",12,50,60,100,11,1.6,0.9,0.1,0.1,0.1,0.1
"Andre Iguodala","F","GSW",8,46.7,11.1,66.7,35,2.1,2.1,2.4,1.1,0.5,0.4
"Justin Minaya","F","POR",4,30.4,25,0,-20,4.2,3.8,1,1,0.5,1.2
"Michael Carter-Williams","G","ORL",4,42.9,33.3,57.1,-26,4.2,1.2,1.8,1,0.2,0.2
"Xavier Sneed","F","CHA",4,50,50,100,-28,4.2,1.2,1.2,0.8,0,0.2
"Buddy Boeheim","F","DET",10,18.5,16,100,3,1.6,0.6,0.4,0,0.2,0
"RaiQuan Gray","F","BKN",1,50,40,100,-14,16,9,7,4,0,1
"Darius Days","F","HOU",4,41.7,30,100,1,3.8,1.5,0.2,0,0,0.2
"Jamaree Bouyea","G","WAS",5,42.9,33.3,50,-17,3,1.2,0.8,0.8,0.8,0.4
"Scotty Pippen Jr.","G","LAL",6,33.3,33.3,55.6,-1,2.3,0.7,0.3,0.3,0.3,0.2
"Jay Scrubb","G","ORL",2,71.4,100,50,-16,6.5,3,0.5,1.5,1,0
"Neemias Queta","C","SAC",5,66.7,0,0,-30,2.4,2.2,0.2,0.2,0,0.4
"Justin Champagnie","SF","BOS",5,33.3,20,0,-4,2.2,1.6,0.8,0,0.2,0
"Facundo Campazzo","G","DAL",8,23.1,27.3,50,11,1.2,0.2,1.1,0.4,0.8,0
"Lester Quinones","G","GSW",4,40,50,66.7,6,2.5,0.8,0.5,1.2,0.2,0
"Cole Swider","F","LAL",7,33.3,37.5,0,3,1.3,1,0.6,0,0,0
"Isaiah Todd","PF","WAS",6,15.8,10,100,-7,1.5,2,0.7,0.3,0.2,0
"Joe Wieskamp","SF","TOR",9,21.4,25,0,2,1,0.4,0.3,0.1,0,0
"Kendall Brown","SG","IND",6,57.1,0,50,4,1.5,1,0.5,0.3,0.7,0
"Trevor Hudgins","G","HOU",5,22.2,25,100,3,1.8,0,0.6,0.2,0,0
"Tyler Dorsey","G","DAL",3,80,50,0,2,3,0.7,0,0,0,0
"Alize Johnson","F","SAS",4,50,0,50,12,1.8,2.5,0.2,1,0.2,0
"Chance Comanche","C","POR",1,60,0,25,-29,7,3,0,0,0,1
"Xavier Moon","PG","LAC",4,33.3,33.3,0,3,1.8,0.8,1.2,0.2,0,0
"Leandro Bolmaro","F","UTA",14,15,0,0,2,0.4,0.5,0.5,0.5,0.2,0.1
"Marko Simonovic","C","CHI",7,28.6,25,50,15,0.9,0.3,0,0,0,0
"Mfiondu Kabengele","C","BOS",4,28.6,0,100,-5,1.5,2.5,0,0.2,0.5,0
"Vernon Carey Jr.","C","UTA",11,25,0,100,-10,0.5,1,0.3,0.2,0.2,0.2
"Dylan Windler","SG","CLE",3,66.7,50,0,-1,1.7,0,0.3,0.3,0.3,0
"Kobi Simmons","G","CHA",5,16.7,20,100,-19,1,0.8,1,0.2,0,0.4
"Malcolm Hill","F","CHI",5,50,33.3,0,9,1,0.6,0,0,0,0
"Braxton Key","G","DET",3,100,0,100,-3,1.3,0.3,0,0,0,0
"Dereon Seabron","G","NOP",5,40,0,0,10,0.8,0.2,0,0,0,0
"Donovan Williams","G","ATL",2,40,0,0,6,2,1,0,0,0,0
"Devon Dotson","G","WAS",6,10,25,0,-3,0.5,1.7,1.3,0.5,0.8,0
"Jacob Gilyard","G","MEM",1,33.3,33.3,0,-13,3,4,7,2,3,0
"Jordan Schakel","F","WAS",2,50,100,0,6,1.5,0,0.5,0,0.5,0
"Trevor Keels","G","NYK",3,25,25,0,-18,1,0.7,0,0,0,0
"Chima Moneke","F","SAC",2,50,0,0,-9,1,1,0.5,1,0,0
"Chris Silva","F","DAL",1,100,0,0,1,2,0,0,1,0,0
"Stanley Umude","G","DET",1,0,0,100,3,2,0,0,0,1,1
"Alondes Williams","N/A","BKN",1,0,0,0,-5,0,1,0,2,0,0
"Deonte Burton","N/A","SAC",2,0,0,0,5,0,0,0,0,0,0
"Frank Jackson","N/A","UTA",1,0,0,0,-2,0,2,1,0,0,0
"Michael Foster Jr.","N/A","PHI",1,0,0,0,-2,0,0,0,0,0,0
"Sterling Brown","N/A","LAL",4,0,0,0,-4,0,2,0.5,0,0.8,0
